3.159480487691154922e-03,9.197172436496771006e-03,1.253743500730785110e-01,5.402409353923072199e-01,1.601911927114435270e-03,3.247357263376868253e-03,-2.368605674878158929e-02,-6.015981663815796708e-03,4.099198682480445499e-03,1.204939366535281303e-02,1.227220385407985781e-01,5.539119352716795897e-01,9.703779366700715503e-02,4.665551839464883166e-01
1.184376898411604448e-03,5.419522836179146291e-03,1.592466934379449806e-01,5.573920985788142213e-01,-8.820577834807417656e-04,-1.093106918455930389e-03,2.362962945009887059e-02,1.233437948042650188e-02,2.435087489497729518e-03,7.217777395870573175e-03,1.049363752932401805e-01,4.761799244790539398e-01,9.805924412665989465e-02,4.162447969400382419e-01
1.481961575222696470e-03,6.514521695742324543e-03,1.330909012080586651e-01,5.266173137893065404e-01,1.292698341233126149e-05,-5.743051433231846983e-04,6.644525531247131439e-03,6.647066963538555452e-03,1.884694240433275846e-03,7.957395897817753222e-03,9.372562525296206093e-02,4.760912903049061562e-01,9.856996935648620894e-02,4.060786106032907017e-01
8.509730182003692571e-04,2.342324807946122300e-02,3.225158255516527572e-02,3.047210958567720951e-01,4.354721396080951656e-04,1.283142261964543770e-02,-1.153326026648766600e-01,-2.056317242924974309e-01,5.133596128655546539e-04,2.850022769130488784e-02,1.193704062110725363e-02,2.550740826671482608e-01,1.576438542730677073e-01,3.323385784047748204e-01
2.814668856290410744e-03,1.065684900764080068e-02,1.310901237891649029e-01,5.587065178947812072e-01,6.368160698520130723e-05,-4.664030763702927936e-04,-5.782008945203712981e-03,-1.151022049026783484e-02,2.750987249305209600e-03,1.112325208401109336e-02,1.368721327343686289e-01,5.702167383850490490e-01,9.669731018045624182e-02,4.492334083842607351e-01
1.019851102670466534e-03,2.694016727638531492e-03,1.344476694946638573e-01,4.005861342173401285e-01,1.019851102670466534e-03,-2.431675207578893640e-04,-6.555233050533613992e-02,6.576226673816040758e-02,2.864034862144254536e-04,1.167011251526524351e-03,1.608735561973212436e-01,2.171148330367392854e-01,1.753489955737146389e-01,3.108378610237346185e-01
2.203746514747492811e-03,1.503218468311812162e-02,1.023526954169680370e-01,3.327692008483330022e-01,-9.436958634274298513e-05,-1.728122433621610311e-03,1.468460794297277855e-02,5.487711680850711204e-02,3.241728760718220331e-03,1.943850813975004851e-02,5.262142029115706582e-02,2.031461003240360164e-01,1.036772216547497960e-01,3.981685406282601258e-01
1.046661286379513799e-03,2.478762670722221926e-03,1.712557354616485450e-01,5.546939240213641931e-01,-1.507729302502651371e-04,-2.604502271955240738e-03,1.634056705451564229e-02,6.953850435174659464e-03,1.197434216629779044e-03,5.083264942677462664e-03,1.549151684071329027e-01,5.477400735861894798e-01,9.771876064010898144e-02,4.043478260869565188e-01
1.077009497374306971e-03,5.419833545609821848e-03,1.592454314506152602e-01,5.607585281294253932e-01,-1.666532595172808690e-03,-5.156503055014529172e-03,3.467271979332585408e-02,1.694035481632803208e-01,5.668002525751831069e-03,2.058670520720286626e-02,4.882263834925509166e-02,1.195250847541424744e-01,1.089547156962887842e-01,4.047674149502429874e-01
1.829725635961393284e-03,4.208046875612195606e-03,1.361786855245162853e-01,5.080744372430460176e-01,-1.475503531121135866e-04,4.352697556545609067e-04,3.990921459633717944e-04,9.014801980116473462e-03,3.089322208495067380e-03,3.139086768108718256e-03,9.469489226563812534e-02,4.301159256751826976e-01,9.856996935648620894e-02,4.094881398252184779e-01
2.190985339741619714e-03,7.713617199318413206e-03,1.122348154420236277e-01,4.868916881780351869e-01,5.977218593286038857e-04,1.031672115044149525e-03,-2.696462537329482462e-02,-5.002681899351345274e-02,1.864575269294397371e-03,8.675292828424847197e-03,1.182413423882712755e-01,4.352933345292914757e-01,9.839972761321080785e-02,4.130557755402194942e-01
1.221430406791060600e-03,1.230846668857055529e-02,1.162422168180211740e-01,5.260883238332091372e-01,8.379611874616618846e-05,-1.109373762940499275e-02,5.232265963114521301e-02,2.398178913307848562e-02,1.747593398853827112e-03,2.496839072736423484e-02,3.100903131165706761e-02,4.522674058440004918e-01,1.091249574395641853e-01,3.996044671940437443e-01
1.182089908773126946e-03,5.034002242182909238e-03,1.550672480553022814e-01,5.399780938228034843e-01,3.805534542013158271e-04,-3.281946864246069019e-04,-2.033056063347615100e-02,-1.442012654658315907e-02,1.303470930952793302e-03,4.981860176319413344e-03,1.445801610946246818e-01,5.237225731211943014e-01,9.771876064010898144e-02,4.039121482498284066e-01
1.926306266994147519e-03,1.333403452255521419e-02,6.108051110245356352e-02,6.218190683338175040e-01,6.084300316446158291e-04,1.344033828972155797e-03,-3.658053828615652481e-02,-1.893973925900414856e-02,2.218689757797887192e-03,1.688529326935360453e-02,2.259218537426133100e-02,6.477737974779397279e-01,1.118488253319713799e-01,4.053209947946789793e-01
6.868207551865802493e-04,1.625977036505021553e-02,1.307144581845094133e-01,4.168164026763011010e-01,-6.558776571455196634e-04,4.731404027026977696e-03,8.700835083958843863e-03,-3.653691122802575630e-02,8.859135728413426118e-04,2.276373775783285119e-02,9.552284394310373017e-02,3.199368359955779839e-01,1.043581886278515114e-01,4.053524051216980117e-01
1.951572854800212760e-03,6.680800436710022938e-03,1.317858033693564690e-01,5.020217557100806749e-01,8.373081139743070297e-05,-9.879335528620691430e-04,-4.236816567786790694e-03,-4.948021716990887164e-03,2.685454703407402516e-03,7.247941012915615558e-03,1.024229405095600787e-01,4.591893262609287318e-01,9.754851889683346933e-02,4.194488012547613609e-01
1.466734693284948033e-03,6.447182094076673621e-03,1.745426868752660288e-01,7.379022944678156337e-01,5.030531115941028376e-05,3.176006886184155669e-05,-3.328482019953590658e-03,8.011418752269405807e-03,2.649768299075871102e-03,7.615703164411825876e-03,1.329874242845199561e-01,8.058602457941597130e-01,9.703779366700715503e-02,4.471789360558839355e-01
9.579660486959527431e-04,6.279375621601195230e-03,1.806833245097481666e-01,6.928601112822474484e-01,-3.514075116968522943e-04,1.099606301506932202e-04,1.505903084708875087e-02,5.829677406814046114e-02,2.675914836465098298e-03,9.645783871146059590e-03,1.605134314648576921e-01,8.869281747264959881e-01,9.635682669390532862e-02,4.671182907764460657e-01
1.741405135494331806e-03,5.048140557723700128e-03,1.371680465244403124e-01,4.946738133507739832e-01,-5.056182695198255077e-05,-4.369921951488660674e-04,-3.257464811827117529e-03,4.042912089299313672e-02,2.552503550106709120e-03,5.142062904749203703e-03,1.053751166278084767e-01,4.386278361297495931e-01,9.771876064010898144e-02,4.104976760004534486e-01
1.033668654197458098e-03,5.080785405055624447e-03,1.474791461770011414e-01,5.891859401116914530e-01,-2.876859887759679844e-05,1.603581201623666954e-04,-5.568064138155417835e-03,1.454636054926498195e-02,2.579600379865398612e-04,1.810990774337930403e-02,7.071028057819976620e-02,7.762417076372147839e-01,1.835205992509363337e-01,3.859994746519569420e-01
2.128366076270256195e-03,5.755293362631521900e-03,1.159557747895364893e-01,4.985090094335725697e-01,-1.845648125049355554e-04,8.119827935714073099e-04,7.176190612673892348e-03,1.507580095767972056e-02,2.540938023240242594e-03,5.730028307934171075e-03,9.842990106718188525e-02,4.739609556892850351e-01,9.788900238338438253e-02,4.119244258400271419e-01
1.265873565556989520e-03,7.678022791729917362e-03,1.340523894187573006e-01,4.743344059812598101e-01,1.794139576895471431e-04,1.306010631995537744e-03,-1.641426602551758832e-02,-5.147953645018151642e-02,1.500786008683169031e-03,9.715790470458857825e-03,1.120224037315977195e-01,4.289899387072879655e-01,9.925093632958803536e-02,4.087025857159129472e-01
2.125968793367200276e-03,4.250207655436985706e-03,1.193790809000280506e-01,4.894049374027169552e-01,1.040240875240329866e-03,2.405957383883767782e-04,-4.419513136188967656e-02,-6.889327257211272371e-02,2.602137528647167301e-03,4.228668784246861559e-03,9.998236853037764660e-02,4.597296299038052259e-01,9.822948586993529574e-02,4.089257324551442419e-01
1.282159877475854293e-03,4.597365990362447391e-03,1.580778401142423351e-01,5.463219425632850346e-01,1.417485424120022751e-04,-7.227833694403250743e-04,2.113650147595055005e-03,-3.593687261420969864e-03,1.887801574090973477e-03,7.002848350552796745e-03,8.509044461408461768e-02,4.861742570023516175e-01,9.908069458631252324e-02,4.018831094270294835e-01
3.992671327318848828e-03,1.985615192558881290e-02,3.133431672566258652e-02,2.417699165664867755e-01,2.041196248808335376e-03,6.778780684631421742e-03,-8.990349366545732912e-02,-1.811965986962435493e-01,4.096923102407934274e-03,2.126066082688569947e-02,2.652033956172408433e-02,2.177458547496222696e-01,1.120190670752468920e-01,3.900709219858156107e-01
1.087677171170595711e-03,3.997245331086932141e-03,1.575166893640914390e-01,5.436062148667333283e-01,-5.506125500609627271e-04,-6.644382641946422127e-03,1.007223605986124620e-02,-1.388896251149193510e-02,2.408133122315942332e-03,1.846040217419812196e-02,1.309673411864308856e-01,5.697800327339948012e-01,9.703779366700715503e-02,4.552793711493520190e-01
8.002406793389903574e-04,1.380861423320900276e-02,8.689185267402385615e-02,5.339275081099520426e-01,4.668400054200704755e-05,1.840019635042284630e-03,-1.983198793895619289e-02,2.486593443924903918e-02,5.844628985299020691e-04,1.665727338710871683e-02,6.794660182124503955e-02,3.834992196191525649e-01,1.176370446033367934e-01,3.755656108597285048e-01
9.464939607565384192e-04,8.203620649456015018e-03,1.842503347694392501e-01,6.363052419673432825e-01,-4.361206328707752274e-04,-2.438025989023644580e-03,1.578691000502090158e-02,1.252386530080964143e-02,1.382614593627313647e-03,1.064164663847965916e-02,1.684634247644183347e-01,6.237813766665336601e-01,9.703779366700715503e-02,4.329161176987263993e-01
1.266877099506792800e-03,1.932035971837027521e-02,1.651007010570385847e-01,6.154293881259228494e-01,-6.554514081432659932e-05,6.235847614772999960e-04,3.796137538107812424e-03,7.775353847015574471e-03,2.661573858370340929e-03,1.766187385584925412e-02,1.143386672443252594e-01,5.468458790530429381e-01,9.635682669390532862e-02,4.515611633875106778e-01
3.183363437728777522e-03,4.635609079834668127e-03,1.385966857231159532e-01,4.685222122592567762e-01,1.840478334950528894e-03,-2.745173020790174002e-04,-1.784111633863419769e-02,-7.482730143633413433e-02,4.168197932280114440e-03,5.335567711574158364e-03,1.240979748734367810e-01,4.296662119638993693e-01,9.703779366700715503e-02,4.437121866897147937e-01
2.193211081244902331e-03,6.496048541744147732e-03,1.456630727285750937e-01,5.897997259406619897e-01,-6.197492149027715273e-04,-1.497277138106016840e-03,1.145955856135299350e-02,-1.614428618530954623e-02,2.812960296147673858e-03,7.993325679850164789e-03,1.342035141672220933e-01,6.059440121259714873e-01,9.720803541028255612e-02,4.448283308140790204e-01
1.440414414258208136e-03,3.913261325870881838e-03,1.437198831984933534e-01,5.370054254998484211e-01,-2.720883370796125687e-04,3.248030803875806040e-03,2.336577928018564870e-02,-7.343270738147673893e-03,2.017926662303358605e-03,1.793375863411062962e-03,1.099553812374113870e-01,5.193764063142176646e-01,9.959141981613894856e-02,3.967686093479515508e-01
9.865508300766474923e-04,3.405690954405153278e-03,1.556104427630350673e-01,5.853329601192538423e-01,-3.835226319656452523e-04,-4.401984274180897883e-03,1.008193928902981380e-02,7.291305492509442265e-02,1.370073462042292745e-03,7.807675228586051161e-03,1.455285034740052552e-01,5.124199051941594751e-01,9.788900238338438253e-02,4.151730357344154965e-01
1.884083353727519436e-03,3.522359815584284650e-03,1.179885909803109201e-01,4.412571481324014666e-01,4.020805287176779010e-04,-1.043836438408769166e-03,-2.608240274066353157e-02,-3.749467469887107773e-02,2.798871028961247547e-03,2.711165589402014797e-03,6.363360381458670056e-02,3.227806137145768917e-01,1.016343207354443168e-01,3.860781781899284004e-01
2.792826729014869294e-03,2.394168656711864480e-03,1.245696274025855366e-01,1.157274672444485453e-01,1.021319031420159576e-03,-1.245468074395378322e-03,-2.213770395000317498e-02,-2.645198962605460613e-01,3.134957469663352762e-03,2.176495214320413926e-03,1.161049185468548545e-01,2.559326393495031660e-02,1.162751106571331405e-01,3.948984411903637137e-01
2.215763391119880341e-03,1.348233156714720958e-02,1.239637367177971183e-01,5.663534210927914092e-01,7.839981882536210768e-04,5.808588675530190759e-03,-2.447402506798737262e-02,8.442825300650649498e-03,2.772788850620760449e-03,1.406605308378318722e-02,1.004240946154618952e-01,5.367636052945775615e-01,9.720803541028255612e-02,4.398475775721284453e-01
2.574125602415927062e-03,6.007923644635855195e-03,1.001910030409235430e-01,4.483652908876374354e-01,9.838296693523466366e-04,8.836913223756172288e-04,-3.827830461264311590e-02,-7.426511422561256348e-02,2.560478094836934893e-03,5.546235165146253497e-03,9.995111619380685208e-02,4.533697130127931074e-01,9.805924412665989465e-02,4.105179644111979775e-01
1.981046833091256766e-03,3.778021794593506774e-03,1.484959749459453804e-01,3.269590875479037595e-01,-9.652941146347655517e-04,4.337716727337638826e-04,1.846432350289890084e-02,2.222720973981887616e-01,3.401818990495774839e-03,2.621137559659007885e-03,1.153413102190356254e-01,5.822086275875359984e-02,1.104868913857678381e-01,3.956327776473350655e-01
1.627542318071769929e-03,7.856669247674837389e-03,1.573156823275539684e-01,5.787141522835269614e-01,-8.309575640791960109e-04,-5.338364430337789665e-03,6.396593361466926600e-03,-3.680829273074510966e-02,2.458499882150965831e-03,1.319503367801262705e-02,1.509190889660870505e-01,6.155224450142721127e-01,9.686755192373175394e-02,4.553855959209687776e-01
1.633435435051400209e-03,3.564209891161415102e-03,1.201844905872434255e-01,5.419553317048537711e-01,2.367024397043122788e-05,5.918918807122240579e-04,-8.992680754979054392e-03,2.807567728822988468e-03,2.112403743051151535e-03,1.765845530481785497e-03,9.805777387040598425e-02,5.240525253499969116e-01,9.959141981613894856e-02,3.952816005551058054e-01
6.583552522876113828e-04,5.520568898301395945e-03,1.766927489199140722e-01,5.748576372475010521e-01,6.341410894824644736e-05,-2.463624204074784936e-04,-1.987059967533905645e-03,-2.603999396444633269e-03,1.208233402508444507e-03,6.011863119688317519e-03,1.515422369623920518e-01,5.412134373128083542e-01,9.771876064010898144e-02,4.068415051311288222e-01
4.265719700584681695e-03,1.952761257170416292e-02,4.289761944405046101e-02,2.316731833135113050e-01,2.222458132071758984e-03,1.048479711664790197e-02,-8.703889793603131197e-02,-2.221816105054593982e-01,5.083115745879651474e-03,2.358885176342101486e-02,1.042957290551604910e-02,1.528109947249984835e-01,1.384065372829418328e-01,3.764574547258744963e-01
2.010635482727600280e-03,8.100611747705564747e-03,1.268177724631976699e-01,2.609037866897842561e-01,-9.884865299180740840e-05,9.649314109861239662e-04,6.323966015651098782e-03,-7.157234496697696680e-02,2.141924371495462342e-03,7.552678191704080730e-03,1.209212829780953041e-01,2.886946328082900526e-01,9.959141981613894856e-02,4.059428571428571608e-01
1.555407793011521871e-03,5.483762145775820766e-03,1.441218720890722893e-01,5.211921102573481290e-01,5.761671915599996755e-06,-6.053548818882520562e-03,-1.275381229868579464e-02,-8.060369535017736231e-03,2.010418071551825156e-03,1.207507261836216969e-02,1.393157924146689874e-01,4.997043617283647987e-01,9.720803541028255612e-02,4.350443252708766639e-01
1.590335597895592857e-03,4.137154619037131109e-03,1.422933598849792369e-01,5.536269088811262007e-01,-9.856337350318635816e-05,2.707149111591651775e-04,1.932372494621323843e-03,-1.048256385649987826e-02,4.321706903370976793e-03,3.783985770127253762e-03,3.671654889237924158e-02,4.489440924286925982e-01,1.074225400068096192e-01,4.007408264845468415e-01
2.166546259185553758e-03,9.416678767893222474e-03,1.153636975397749759e-01,4.019289464091937436e-01,-4.790599793201849458e-04,-2.825053978052198371e-03,2.020314005313569514e-02,8.152328379489795496e-02,4.170422141112804619e-03,1.919018991944507896e-02,2.507245920816312396e-02,1.153816411629988714e-01,1.184882533197140209e-01,3.757435959694063188e-01
1.248911271389218074e-03,8.913375000048523109e-03,7.386425770198300211e-02,4.867730384987326020e-01,1.109086989950587012e-03,-8.961871845489070842e-05,-2.908067238141272270e-02,1.883457071057335203e-02,8.748484849392191079e-05,1.330219622043864701e-02,2.009097235592967323e-02,4.158471479150376293e-01,4.000680966973101382e-01,3.372645995815103936e-01
1.386945766289487481e-03,7.051894476336128051e-03,1.392358281258962160e-01,4.887813258268578487e-01,-1.930427820935033353e-04,-9.774740075530910163e-03,4.792615274204974074e-02,2.289708076658621971e-01,2.063550786362044857e-03,2.006263007847397875e-02,5.733072290610859156e-02,1.571282755483387195e-01,1.060606060606060774e-01,3.894774011299435013e-01
2.946523396480865437e-03,3.792616492047452652e-03,1.063826168164497821e-01,5.480010439326449267e-01,2.200173061483857214e-03,-1.637529765866152162e-03,-6.612192293398766463e-02,-2.980045095356534390e-02,2.688220861776546670e-03,4.510602650729916840e-03,1.129109644329463480e-01,5.625351970193178675e-01,9.754851889683346933e-02,4.212229413077437923e-01
2.281639736781722241e-03,5.478591873311925049e-03,1.073314380468362861e-01,4.834466905053534935e-01,9.295058849520723004e-04,8.710037253924183013e-04,-3.120763367112890790e-02,-8.964809395192187280e-02,2.384963052666963165e-03,5.500442003167613225e-03,9.553552458521671897e-02,5.032002402826282195e-01,9.822948586993529574e-02,4.083835056230830651e-01
1.113027908754303085e-03,4.284931593288651350e-03,1.611027854784919389e-01,5.747955135707386587e-01,-1.686271659347621840e-04,-2.925449728071305281e-04,8.087771166536902867e-03,1.688047476896274018e-02,1.281655074689065296e-03,4.577476566095781824e-03,1.530150143119550499e-01,5.579150388017759532e-01,9.754851889683346933e-02,4.043428571428571705e-01
1.873124272326379645e-03,5.246598090674888491e-03,1.207363344204264305e-01,5.352341723806710583e-01,4.423021227957966376e-04,-1.308458041238830249e-06,-1.616760529499945698e-02,-2.771649365722538699e-02,2.332585971053895146e-03,5.590051784690289703e-03,9.787588634692818979e-02,5.108597324784281968e-01,9.822948586993529574e-02,4.098230490018148764e-01
2.620709448661878629e-03,5.209949726410456269e-03,1.466254688748279411e-01,4.989049595860847175e-01,6.810109938563491203e-05,-1.222296081370385142e-03,3.001349355576111468e-03,-2.800119349357067799e-03,4.222050905579607591e-03,6.050234153091896619e-03,1.240580057407885128e-01,4.234756762919977269e-01,9.737827715355806824e-02,4.451870216664869928e-01
2.231047548376460452e-03,6.909099239878525173e-03,1.240765731267882976e-01,4.988180148944965087e-01,8.458226833004530917e-04,1.621368427847414816e-03,-2.077705575615667807e-02,-3.374669039813684573e-02,2.655929475506788907e-03,7.101759775641424376e-03,1.100882699327437181e-01,4.795179771338992092e-01,9.754851889683346933e-02,4.228367528991971436e-01
2.644261074682757555e-03,2.374963485663271825e-02,1.632399218207969405e-01,4.009345961743390752e-01,1.641745664641395316e-03,1.286554743112895347e-02,-2.503688871800120036e-02,-1.355692177995703740e-01,3.237465763635068074e-03,2.830521482827768123e-02,1.587985510635114561e-01,3.506336411951425092e-01,9.652706843718084073e-02,4.810617662072486089e-01
2.340121334941258451e-03,1.313944459808472770e-02,1.563176946684530222e-01,4.641678816288819509e-01,5.470020732096432005e-04,-1.079342578868188254e-03,-2.828570042318939021e-02,-2.163141558291481470e-02,3.177066360549824463e-03,2.125337156595831847e-02,1.622403770731767059e-01,3.792075108389274529e-01,9.635682669390532862e-02,4.761512310703616135e-01
6.330951294338183410e-04,5.484342669910284920e-03,1.750491801972086370e-01,5.839681240693673780e-01,1.473655179444140250e-04,-9.446774670898707912e-04,-3.239982545335467513e-03,5.407107690406457237e-03,1.211272113026712989e-03,7.194643985360215863e-03,1.493819174511887837e-01,5.221168034186404183e-01,9.771876064010898144e-02,4.089823763501989617e-01
1.404325734662491103e-03,7.333248563205344017e-03,1.690498378936060031e-01,5.892902517140191643e-01,-1.038078808737792017e-03,-8.584934051336316069e-03,-2.522298121380551345e-02,-5.673001661993437583e-02,2.905731028342818049e-03,1.576309059137565721e-02,1.756419309427983411e-01,6.148534496114913539e-01,9.618658495062992753e-02,4.818822088394406622e-01
9.063915252032262761e-04,3.712878123864262782e-03,1.524078133605505370e-01,6.938103715172286856e-01,1.888603260222980300e-05,-3.082516769984181004e-06,9.800217192796937225e-04,-6.391525425392979853e-03,1.599746125880458164e-03,2.291454409675158874e-03,9.929623483295468844e-02,8.119769173990760702e-01,9.976166155941434965e-02,3.987581924801655853e-01
1.552456236337530727e-03,7.586993019285451917e-03,1.363776447695713712e-01,5.453476316151320002e-01,-4.958531245573525887e-04,-6.418614305898006148e-03,3.104415578626667713e-02,1.701224962412776001e-02,3.617429192707538859e-03,2.846007557224571743e-02,1.047085262211429162e-02,4.288373268727084797e-01,1.321075927817501050e-01,4.052071005917159963e-01
1.390428792505782980e-03,1.870900787541380714e-02,7.493832270664677053e-02,5.945667509521941341e-01,-4.418335182409968654e-06,-8.533851777866316782e-04,6.110158188877348739e-03,-2.245265722484453969e-03,1.589075366230240267e-03,2.489717325547360915e-02,3.324112023090584206e-02,6.004675677809067080e-01,1.072522982635342181e-01,4.081562320505456865e-01
2.049202000214394876e-03,4.746752233660845796e-03,1.195030260255168925e-01,4.850248272711351061e-01,-3.601776995988709856e-06,-7.584982585670334808e-04,2.548999491608084245e-03,-1.651012038487735534e-02,2.495067740493873368e-03,5.298810211052719724e-03,9.862083265519269726e-02,4.690396145501453118e-01,9.788900238338438253e-02,4.094416704493871739e-01
7.413141542076277573e-04,3.798739739376257030e-03,1.641754075173302574e-01,4.940142945474888525e-01,-5.882427316198827289e-04,-1.752702004458560987e-03,2.862080899798625025e-02,1.162084580905209386e-02,1.329556885827510486e-03,5.551441743834818233e-03,1.355545985193440106e-01,4.823934487384367586e-01,9.839972761321080785e-02,4.030945558739255086e-01
1.517993061743768118e-03,6.784728416265088657e-03,1.717456811595992339e-01,6.325407729656591371e-01,-6.680579374960968165e-04,-1.919379455745533463e-03,5.819962377658612421e-03,-2.185050241337561233e-02,2.704091027942000756e-03,8.631073537587520897e-03,1.401719126494084811e-01,6.029875826103173742e-01,9.720803541028255612e-02,4.457740405347132562e-01
2.198641486685758845e-03,1.014457866300754775e-02,1.759408711843084561e-01,5.220579526300370699e-01,-6.100000366511199382e-04,-4.361439970634064384e-03,1.554834839635588217e-03,3.910059915295603650e-02,2.808641523336878783e-03,1.450601863364161213e-02,1.743860363446728678e-01,4.829573534770810195e-01,9.635682669390532862e-02,4.715785098202223691e-01
3.036073317596309305e-03,9.315801248548506719e-03,3.976592575100187932e-02,6.183942832699650394e-01,-5.288565510020904370e-05,-1.838459211894089050e-04,1.957794846293547941e-03,1.628474735975302470e-02,3.352976365580124032e-03,1.016351420587725471e-02,2.187478983362800555e-02,6.024625586816996226e-01,1.118488253319713799e-01,4.063547082611207450e-01
2.161384317210290722e-03,1.198832121277293439e-02,1.563401270852275704e-01,4.200742692945708123e-01,8.951902358950907055e-04,4.596343564518204881e-03,-6.521132069375296103e-03,-1.026665265884052353e-01,2.705700315118052864e-03,1.214999443086104899e-02,1.291095424908427214e-01,3.869136808206189437e-01,9.686755192373175394e-02,4.363119947563906531e-01
1.541598595332952350e-03,5.923640347994322576e-03,9.861299068845376381e-02,4.870911837520885967e-01,-1.404541221567601108e-04,-5.438539055191711057e-04,1.161100387090635913e-02,1.517836330060803873e-02,2.129221296341568623e-03,7.642497439149006054e-03,3.040624548908870545e-02,4.090418091506381471e-01,1.104868913857678381e-01,3.840484963746582658e-01
2.252129773093337461e-03,4.681863234507632580e-03,1.117426628759935758e-01,5.075776798676491230e-01,1.997935973974402485e-04,-2.671266856647999655e-04,-7.841263610014647528e-03,-4.405263898866001136e-03,4.154616999276165151e-03,7.280428273941642187e-03,3.243123454963789398e-02,3.697706791180084274e-01,1.082737487231869578e-01,3.979045401629802137e-01
3.577699559152516004e-04,9.192732462944948335e-03,6.811966741398713110e-02,2.270393914923562739e-01,-4.171039498738435291e-04,1.841907811253618585e-03,-3.540058355166607329e-02,-1.371891730385739472e-01,7.540468615179370376e-04,1.109384299967676804e-02,4.106577555479607117e-04,5.573436650238006163e-02,3.091590057882193099e-01,2.848324514991181777e-01
1.783205645988177827e-03,5.128598436276714245e-03,1.290262396939790834e-01,5.131562171054828703e-01,-1.913285925209116638e-05,4.512613347565427727e-05,3.073941719671840957e-04,3.729651085661932469e-03,2.492391700706090858e-03,4.991966522039759102e-03,9.858124297948132886e-02,4.670903622055527782e-01,9.805924412665989465e-02,4.084555063075349657e-01
8.949602164267378424e-04,1.096445951925714701e-02,1.874132696278774102e-01,8.021202938777441949e-01,2.340008053572295230e-04,2.441183959169142964e-03,-3.648332909573503112e-03,7.277560351552550544e-02,1.412576007349921042e-03,1.236233305556996669e-02,1.675013067709129055e-01,8.112430863839207307e-01,9.703779366700715503e-02,4.452342487883683142e-01
1.837388985595343532e-03,6.787436545256797168e-03,1.454059796547985395e-01,5.077830484390682964e-01,2.412528779323282494e-05,-1.389345980057610317e-03,-2.893506725401215340e-05,1.098020107599476797e-02,2.725233317001258659e-03,1.167620460457514768e-02,1.209753197510356065e-01,4.227243952535377769e-01,9.703779366700715503e-02,4.335894621295279805e-01
3.029295896574126130e-03,1.107111426968702787e-02,1.830138705292664592e-01,4.591103069713199369e-01,4.634178986929899649e-04,3.136972133212841823e-04,-5.733819293897272212e-03,-2.193923897409926632e-02,4.151428106268545588e-03,1.422535956724907576e-02,1.795253795053945722e-01,3.852075394742808800e-01,9.618658495062992753e-02,4.884167931208902580e-01
3.617005252589773818e-04,1.908821328999674161e-02,1.554916177095518603e-01,2.425293161314774903e-01,-2.633291927641482841e-05,2.104759170234208124e-03,-4.695711014986321194e-03,-4.678976516409948799e-02,8.468050157712143661e-04,2.252545997843320019e-02,1.236171731218413533e-01,1.535386545826900040e-01,1.086142322097378710e-01,4.087549087549087745e-01
9.663712660639581318e-04,5.054119841489087758e-03,1.627411058978265324e-01,5.766090391610483312e-01,6.740456902083386318e-05,-7.358864462250636757e-04,1.018356630417172667e-03,-2.636381681557624715e-03,1.310506629098951445e-03,7.349817595121713870e-03,1.383659893049527245e-01,5.501627298462112847e-01,9.788900238338438253e-02,4.108843537414966218e-01
8.115981507863694652e-04,7.172037482762828875e-03,8.079624868083611078e-02,3.748826958899014183e-01,-4.889486915689899627e-05,3.181708946360874320e-04,4.297693112110822361e-03,2.743098707956220794e-03,1.073931228166010799e-03,8.547796714374354676e-03,1.408034088777985332e-02,2.456802815626561998e-01,1.281920326864146586e-01,3.512207527975584886e-01
8.704541845650993126e-04,9.648040490876528749e-03,1.817192899102381132e-01,6.474766000690359569e-01,-4.087309536690751860e-04,-2.160394159443232431e-03,-2.925751730258778667e-03,-4.270413132419197122e-02,1.279185138234174499e-03,1.180843465031976118e-02,1.846450416404968875e-01,6.901807313932278864e-01,9.686755192373175394e-02,4.396954866775421578e-01
2.266140386075076243e-03,9.632310253705611905e-03,1.527098633073874501e-01,5.832754236494723799e-01,-2.515377107186061740e-04,-1.529781754352933657e-03,5.504646199937705906e-04,-5.949444178263445585e-03,4.119854500958968803e-03,1.637175044185304462e-02,1.325216922469958369e-01,5.999492139374575927e-01,9.669731018045624182e-02,4.846638228722323638e-01
8.679798125386180459e-04,3.348792034718834319e-03,1.039079810750791755e-01,5.038882985162351780e-01,5.655354046928499087e-04,-7.924424453769674838e-05,5.397470037044208024e-02,4.811041733366630546e-02,4.731956546209592582e-04,2.627247794105425169e-03,2.400486263213015559e-02,4.196540204272123376e-01,1.409601634320735153e-01,3.260578468130690966e-01
2.046338258577862657e-03,6.922303698955419894e-03,1.042049179411927151e-01,4.453993820634668532e-01,2.987316548637073657e-04,9.684234629992664704e-05,-1.591197537394266684e-02,-2.570396118537093821e-02,2.481940509738941349e-03,6.522481820795862813e-03,8.782810743940627773e-02,4.285412739585391928e-01,9.856996935648620894e-02,4.050690718118506450e-01
1.002153699348999269e-03,4.869709077968608843e-03,1.665153549053701720e-01,5.698287793426861647e-01,-1.380935867056774433e-04,-4.491505632393207915e-04,6.646493891263968723e-03,1.170917212871454803e-02,3.493436278681223434e-03,1.431801056380770619e-02,1.242149169278424642e-01,6.040390581480000742e-01,9.669731018045624182e-02,4.667642140468227230e-01
5.684331103885171448e-04,7.813019936296832640e-03,1.437143979570325858e-01,7.283281944217171455e-01,3.346814061616856946e-05,-5.751938202261865519e-04,-7.769125007520429581e-03,4.341321833936487296e-02,2.800750231135334034e-04,9.535952847094788729e-03,1.196864526036249265e-01,8.904886590680965996e-01,1.716036772216547046e-01,3.810454960239864630e-01
1.315213254823969840e-03,6.988989136147515276e-03,1.389182708146544931e-01,4.652664074000723571e-01,2.997305660839182442e-04,-5.463745316217449681e-03,1.000955105459407427e-02,1.625085235629904479e-01,1.105524489510351831e-03,1.564688366409896711e-02,1.118674901304832492e-01,1.902051290165688302e-01,1.043581886278515114e-01,4.005342004412960066e-01
1.908310475398800488e-03,4.711703865255104789e-03,1.456753031584736013e-01,4.708735204711915756e-01,-3.533340565515424902e-04,-1.587647466588290330e-03,1.145943647559432253e-02,4.080880607803549776e-02,5.671704233710063089e-03,1.034814013892495707e-02,4.697276635316114529e-02,8.591676247008694922e-02,1.147429349676540866e-01,3.904784518580078356e-01
2.481056244140750731e-03,1.346401917111537255e-02,1.360319717602708200e-01,5.117568287826846918e-01,7.221462903732825010e-04,4.736648895368183662e-03,-9.499106267363836148e-03,-1.865065269534893141e-02,2.769876718159095235e-03,1.543237733019648707e-02,1.310541618812394726e-01,5.000707154629212559e-01,9.652706843718084073e-02,4.535775127768313375e-01
1.189358408224062795e-03,4.227298367042548258e-03,1.587097771983800309e-01,5.582483559289600494e-01,-3.125989358925617225e-04,-1.518612937694206484e-03,2.128775795479269373e-02,5.824209412477616282e-02,1.828064035417776472e-03,7.061381681798694146e-03,1.168307111072043880e-01,4.853992595251552800e-01,9.805924412665989465e-02,4.096481271282633174e-01
7.111487474353280283e-04,1.143353396005028673e-02,1.038608559501143919e-01,7.995977633963093911e-01,-5.017497441671897943e-04,1.969035749875908386e-03,-3.649439622032171412e-03,1.211753267424924008e-01,4.691868424344911612e-04,1.479130027563019603e-02,7.651000252310535821e-02,9.286187587257301868e-01,1.276813074565883444e-01,3.916474444579337022e-01
8.219555981390026019e-04,4.001011677767849287e-03,1.582139666908232434e-01,5.918062618540885778e-01,2.364092995604734652e-05,-1.818080667213890929e-04,1.676079703965838988e-03,-3.650901281003766062e-03,1.978200215543955785e-03,4.822879067435253964e-03,9.573273079691663190e-02,5.359156856245936851e-01,9.856996935648620894e-02,4.028636884306987520e-01
1.079991100975440012e-03,2.472644138455328336e-03,1.795480917688329625e-01,7.177080356808883677e-01,7.172430182710232615e-05,1.356688757362311745e-05,-7.721541005718007833e-03,-6.643705871387040052e-02,1.008266799148337632e-03,2.459077250881705218e-03,1.872696327745509703e-01,7.841450943947587682e-01,1.018045624787198289e-01,3.971286326270695999e-01
1.217797317033042026e-03,6.346567768409495762e-03,1.686653894633340367e-01,5.031266802474098077e-01,2.703231930865584000e-04,-3.860777555886821082e-03,2.207271835952141076e-04,2.715209277782230923e-02,1.602669650587650301e-03,1.331143562621751007e-02,1.374965094691497636e-01,3.926299671616549358e-01,9.874021109976161004e-02,4.253756260434056746e-01
1.606853911951864819e-03,5.611363000584686234e-03,1.083443276341269773e-01,4.485549287148732356e-01,9.405375950959248737e-04,-4.137943468916230544e-04,-4.211623344122565615e-02,-6.198355397732602245e-02,1.252675505282648157e-03,6.839011118461407225e-03,1.014553966771401250e-01,4.053518390265230531e-01,9.959141981613894856e-02,3.907455012853470189e-01
2.155822688749979739e-03,4.830226882694121752e-03,1.145011960196740952e-01,5.012825992283880261e-01,6.220569731038105930e-04,-3.677389623339540558e-04,-2.563145674717967268e-02,-2.791556203149513776e-02,2.510054483958684603e-03,5.248733847149892121e-03,9.808319951598591657e-02,4.704182337375285017e-01,9.788900238338438253e-02,4.097560975609755851e-01
8.309530125949766543e-04,1.313053084221800157e-02,1.139567650799169496e-01,4.847686050886851339e-01,2.273701014528735137e-04,1.990512553241511034e-03,-1.920610734783609677e-02,-4.343453524005444488e-02,4.157297686692358368e-04,2.174167808752901221e-02,7.043754058593083844e-02,4.133875131022424210e-01,1.351719441607082128e-01,3.772806798300424869e-01
1.579200684585971683e-03,4.193262610655066128e-03,1.364212396246439474e-01,5.642661646095419314e-01,-2.198220606423188274e-04,2.069880784250007779e-04,1.013597336438137528e-02,4.269494223421307910e-03,1.799022745228290483e-03,3.986274532230065296e-03,1.262852662602625686e-01,5.599966703861206652e-01,9.839972761321080785e-02,4.074832252928465848e-01
1.691323142550705616e-03,7.470672714419817825e-03,1.393701910243958508e-01,5.289536459471972929e-01,5.755910508806901492e-04,1.472536713294068326e-03,-2.064564222055392112e-02,-2.756031089625980354e-02,2.147723221509701894e-03,7.929831836612277751e-03,1.192127000369263140e-01,4.986663873183501128e-01,9.788900238338438253e-02,4.208407871198568961e-01
1.975527068852483536e-03,9.908519644333334264e-03,1.696793646948888401e-01,4.776360937207305146e-01,2.557495280434424613e-04,7.806830710036917562e-04,4.486805365785011615e-04,-1.802123976889436971e-02,3.111198654918200315e-03,1.529894770426531644e-02,1.700769597055713789e-01,3.704043358724907198e-01,9.618658495062992753e-02,4.674537665865635683e-01
1.948026403680614381e-03,4.217972292173435139e-03,1.068403170135528851e-01,4.421740597321635602e-01,-1.576282239141392266e-04,2.282022435034857617e-05,1.293340624628487590e-02,3.518434875758487401e-02,3.249393763772909227e-03,3.579759697483103457e-03,1.987659491133868597e-02,2.257057231861693269e-01,1.176370446033367934e-01,3.690009794319294989e-01
1.529195831830911781e-03,1.392632115534544850e-02,7.056521299251204693e-02,4.151356848365509444e-01,1.659994873054848174e-04,8.189892920154300676e-03,-7.351670382642629120e-02,-1.188870930971612921e-01,1.865101786002952046e-03,1.892071390285479313e-02,2.144482248583998857e-02,3.233919894533110462e-01,1.138917262512768591e-01,3.802039592081583597e-01
2.975320455948311164e-04,1.754277362977439692e-02,1.272304148877259899e-01,5.206261404139753690e-01,2.975320455948311164e-04,6.043329823298190101e-04,-1.901347527748313213e-02,-1.807896137949125195e-02,5.243453748511837931e-04,2.065257165517154700e-02,1.001177679594072445e-01,4.816883128016536952e-01,1.203609124957439880e-01,3.996665475765154296e-01
1.199605519928167432e-03,6.648570519315917006e-03,1.326484573913997989e-01,4.663274219202653281e-01,4.281909903490234968e-04,-3.714869604333173765e-03,2.511378399320430416e-02,1.462877237413831855e-01,5.883034063525997706e-04,1.549004301061803965e-02,4.013310449811784836e-02,4.905953304742494137e-02,1.457269322437861891e-01,3.416853488065409450e-01
1.628068501090861823e-03,6.703331525633828003e-03,1.486135231605656137e-01,5.380930145548579180e-01,-8.090943692539402524e-05,-5.334939449746136514e-03,-7.427339883892714045e-03,4.664563897872484044e-02,1.708977938016255794e-03,1.203827097537996452e-02,1.560408630444583278e-01,4.914473755761331053e-01,9.737827715355806824e-02,4.348159509202453865e-01
9.217400399892591856e-04,6.084917885581310124e-03,8.671662362106617727e-02,6.316702753166179019e-01,-1.154766555806259899e-04,2.079794032828867489e-05,-2.343301783724015264e-02,3.488186909911478867e-02,8.683437541205749500e-04,8.106676173085317072e-03,3.505316009120429746e-03,6.837108491977339497e-01,1.932243786176370826e-01,3.678749494677266973e-01
1.138046795565681888e-03,6.114240112459760207e-03,8.738066977175201755e-02,4.213203785011863656e-01,1.138046795565681888e-03,-7.824801260023588317e-04,-6.886774213013996393e-02,-9.069494539140404710e-02,1.443092342043803260e-04,8.590541939694622611e-03,6.763013901613772194e-02,3.370302668022933101e-01,2.831120190670752823e-01,3.380618425247051140e-01
1.513062357353906363e-03,5.800238945213108399e-03,1.417579984637059864e-01,5.138388139971521440e-01,1.718385676186648023e-04,4.885879286957621817e-04,-6.542681028834386112e-03,-2.397415328756628480e-02,9.544510627804921087e-04,2.584995630013625558e-03,1.678341402866586340e-01,6.289114197467980949e-01,1.024855294518215443e-01,3.900210822206605643e-01
8.085763156323563837e-04,1.860097801339151945e-03,1.398229595340804987e-01,3.931669405832741160e-01,4.053640014174859918e-06,-8.876258254374843823e-04,-7.443089320376300097e-03,-4.186885176237776368e-02,4.516341313702989363e-04,9.360017863664648902e-04,1.421378306726887863e-01,3.330936779124391567e-01,1.373850868232890932e-01,3.254943880277926249e-01
1.474946700680076443e-03,4.499673096057853552e-03,1.396272856391507777e-01,5.372567420341273214e-01,7.836317903336475045e-04,-9.362470044798129956e-03,2.083806928552000420e-02,3.250523115060132556e-02,1.630777616520375254e-04,2.415507556486186369e-02,7.624786892121562798e-02,4.515313926552027568e-01,2.570650323459312547e-01,3.924777490668963642e-01
1.740849822907521247e-03,7.930021145454470288e-03,1.343565641635926788e-01,5.426901738366245453e-01,4.647541436927880854e-04,9.272725214966815940e-04,-1.803070803822487411e-02,-1.362666149010264074e-02,2.424444087553854783e-03,1.310364411107065898e-02,1.060870517567227000e-01,5.130440997341217946e-01,9.720803541028255612e-02,4.319656803431965453e-01
2.133033679634576373e-03,1.425551870979102284e-02,1.170181893308687021e-01,6.009478523554248053e-01,1.298965455071673502e-03,5.175570121907717425e-03,-5.412291063340822495e-02,-1.612923729114116092e-02,2.234881941327420719e-03,1.704543002099683305e-02,1.126952952757330206e-01,6.215890861277637569e-01,9.737827715355806824e-02,4.457376872507813337e-01
2.157882022577308802e-03,6.775064992788395676e-03,1.459997623798881539e-01,6.000390363824698037e-01,1.541656401504097520e-03,2.291237935349130835e-03,-2.779054318268056253e-02,3.101020442531108451e-02,1.789536751244788374e-03,7.103965007587703315e-03,1.639490240881916194e-01,6.270959095487070867e-01,9.720803541028255612e-02,4.279717189571365377e-01
1.257432428019415868e-03,7.369277721190102028e-03,1.246492150539791621e-01,6.010344333646944204e-01,2.474460310211353833e-04,-6.462867330213505589e-03,7.315204612660579364e-02,-1.716595915214785273e-01,1.005889180989159902e-03,1.707951659319559973e-02,1.613609517775065408e-02,8.276554649711703737e-01,1.225740551583248683e-01,3.925580282364202200e-01
1.464264196411498888e-03,4.801048478292227473e-03,1.507461472036034922e-01,5.568884114747097991e-01,-2.194109366378418457e-04,-6.983693499868286973e-04,5.799286998382332387e-03,1.865187623497000305e-02,2.757529703482438418e-03,6.252798079821677429e-03,1.268971057106821898e-01,5.233642129046044422e-01,9.703779366700715503e-02,4.297994269340973950e-01
1.230176753533976462e-03,3.252701444067183402e-03,1.470963076625249055e-01,5.495748092677248398e-01,-5.539810059974511732e-04,1.052771578718321183e-04,2.661280512343286442e-02,3.198642575771679791e-02,2.390534520163536958e-03,2.380273575664004770e-03,9.409581257221477646e-02,4.945312394534577827e-01,9.908069458631252324e-02,3.996782348885313807e-01
1.491996358673529236e-03,4.417007832359985328e-03,1.408185672865087668e-01,5.491018458352455722e-01,-2.931900510231826170e-05,4.793571797606936604e-04,1.159797551287988955e-02,-9.301051967759918493e-03,2.359149089155616538e-03,7.190362493262147763e-04,6.574290518889547297e-02,5.709699681153772577e-01,1.099761661559414128e-01,3.813731343283582320e-01
1.662015725352647497e-03,2.007160269538598579e-02,2.948619395645472874e-02,1.697773147055735565e-01,-2.123133670607458916e-05,4.464299953512359045e-03,-3.353432204331489863e-02,-1.166649543140027556e-01,1.553582981691802034e-03,1.877521366063434477e-02,4.396635782788798491e-02,2.077161817443503589e-01,1.062308478038814785e-01,3.824507242935169526e-01
2.018166757966417552e-03,4.949332011661174494e-03,7.561589260113590893e-02,5.119786429177403120e-01,4.079174652377581399e-04,-9.903858131131769264e-04,9.829981824144073954e-03,-1.167557149133728600e-02,2.302190073233695983e-03,6.097807455941890373e-03,1.034416202842218871e-02,4.810325520206216732e-01,1.327885597548519314e-01,3.833577354807223281e-01
1.589914990054182731e-03,4.907370360650902680e-03,1.353140573571831595e-01,5.411840825080267425e-01,-2.527545716822608831e-04,-7.041912673964438076e-04,1.070687255086966855e-02,2.164233040761182059e-02,1.842669561736443723e-03,5.611561628047346921e-03,1.246071848063134840e-01,5.195417521004148664e-01,9.788900238338438253e-02,4.101779440099739271e-01
2.150536788184507012e-03,6.745717238544248623e-03,1.297710109214591234e-01,5.931421747724144877e-01,5.568981479744324102e-04,9.260428491239119930e-04,-1.009195959888163803e-02,5.433001708448478850e-02,2.719921195195606350e-03,8.582993058275584577e-03,1.130834832126660361e-01,6.060231948949326153e-01,9.720803541028255612e-02,4.358385297013455673e-01
2.350790602316196656e-03,6.774736759657300558e-03,1.072230069083955212e-01,4.742961799598077732e-01,1.061814908032788563e-04,-4.859542878666635334e-04,-2.440832969974685192e-03,1.639524717875412603e-03,2.453668105715963756e-03,6.942138438402739933e-03,1.036150969389378063e-01,4.668827353357986043e-01,9.805924412665989465e-02,4.141744724071775297e-01
2.737467275086489550e-03,7.732813189643669531e-03,9.904515075349029640e-02,4.744427057499587264e-01,6.571279894009988184e-04,-1.319338408243696205e-03,-3.610774647999781539e-02,-4.489191636302182487e-02,2.791342702258562541e-03,7.229519106260217862e-03,9.329313371797716414e-02,4.643379549624720437e-01,9.805924412665989465e-02,4.171255197213170063e-01
1.680115871838639297e-03,8.320547939126269124e-03,1.284168369299897305e-01,4.835003098355032947e-01,1.383153338113853460e-04,7.340139359820485338e-04,-6.994225367406631776e-03,-1.654670853578386891e-02,1.986561087718052409e-03,9.104269070460796823e-03,1.156584694873415836e-01,4.480805443061353643e-01,9.822948586993529574e-02,4.163007992795226819e-01
2.237880699596830371e-03,7.199323951705510066e-03,1.795736220020457408e-01,5.850339744009529497e-01,5.065284218635574464e-04,6.263730498495909821e-04,5.946244389024811332e-03,1.032451285243048654e-02,2.452828409483535400e-03,8.467885328843238746e-03,1.998786148571312371e-01,6.090102064888665012e-01,9.686755192373175394e-02,4.594566021778200837e-01
1.650750659197754849e-03,5.705060825851397330e-03,1.353688409411871185e-01,5.119740013046489846e-01,4.185777135864271448e-04,-1.891080236831365995e-03,-1.008878115041418611e-02,6.718292219029985135e-02,1.232172945611327650e-03,7.596141062682763324e-03,1.454576220916012907e-01,4.447910791143491194e-01,9.822948586993529574e-02,4.057391105521893082e-01
1.648977479723936828e-03,6.926358883873994475e-03,1.047279449778874827e-01,6.378043136295897808e-01,-3.821499443902719607e-04,-2.290082999075457489e-03,4.177643631129965285e-02,-3.765654882693032779e-02,2.408406316285535611e-03,1.026428049551291952e-02,2.975292156992004333e-02,7.065489930516886119e-01,1.092951991828395863e-01,4.051654560129136495e-01
7.896013825333907240e-04,1.381168371542688435e-02,6.461491500380937836e-02,4.831243391497152539e-01,1.584977673062344574e-04,1.436652642318206937e-03,-2.229271812462354022e-02,-2.689927722354409564e-02,7.128042103430842465e-04,1.532771085092903343e-02,5.046265584820235767e-02,4.710836539436524806e-01,1.127000340483486074e-01,3.784860557768924272e-01
1.489562225941870079e-03,5.496718571205356715e-03,1.394134456743681416e-01,5.547554368326713670e-01,-1.040336261525520066e-05,-2.603088301802764133e-04,1.769913548981948571e-03,-2.827268801124037303e-03,1.904279874957243851e-03,5.520326585682094715e-03,1.214821418347384885e-01,5.232391042206485654e-01,9.788900238338438253e-02,4.112784509115615661e-01
1.481591859207327883e-03,4.677649930848801554e-03,1.409192893862962759e-01,5.359424796498873933e-01,-8.519258614387004418e-04,-1.483543217447395738e-03,2.251244477900959592e-02,1.374806537065742518e-02,2.784779955356513331e-03,6.254990422671961869e-03,9.613369551238570843e-02,4.887057573079017225e-01,9.822948586993529574e-02,4.176860060599259517e-01
1.895771720720368239e-03,5.445552967804810456e-03,1.405252618710365886e-01,5.770102343550376212e-01,6.030338023536754681e-05,-2.081411844984280216e-04,-3.617667782284816110e-03,-5.708529030655471598e-03,2.752328191268635978e-03,6.092710034123867240e-03,1.206014985962272912e-01,5.979123997800065426e-01,9.720803541028255612e-02,4.302556192155134185e-01
1.692869036088276956e-03,9.017548338349074682e-03,1.314847121608257730e-01,4.802839562669353746e-01,3.913745786957058270e-04,1.166202322850212790e-03,-1.728943212257361833e-02,-3.017562980699180913e-02,1.301494457392571129e-03,7.851346015498861242e-03,1.487741442833993843e-01,5.104595860739271629e-01,9.754851889683346933e-02,4.134463276836158330e-01
2.210608693480280770e-03,6.587075124110964956e-03,1.302696645209754089e-01,5.048133057854120587e-01,9.610992725695371259e-05,-8.253055663916577774e-04,-9.911728130385492191e-03,-4.436070458446652459e-03,2.677003521593943666e-03,7.904351681416878217e-03,1.178730359696295582e-01,4.707414165712352494e-01,9.703779366700715503e-02,4.272898438365267393e-01
9.085456378741924542e-04,5.239192153949127038e-03,9.463437707661929987e-02,3.868525259979719855e-01,-2.310619524506589938e-04,-2.014385600126268388e-05,-9.093251377890122777e-02,-2.353258399733211825e-01,3.004112887647712032e-04,6.558142930754198852e-03,1.927007120534218743e-02,1.517644737384901132e-01,1.925434116445352561e-01,2.985606173022703480e-01
2.139978622372874003e-03,6.216987560399660044e-03,1.418344588484457547e-01,4.890840427139087621e-01,-3.977795087346060513e-04,-1.470854394665734510e-03,-1.359576195753154498e-03,4.132096666204554403e-02,2.917255634838162616e-03,7.330328305680906473e-03,1.193461999809251328e-01,4.275467494291062542e-01,9.737827715355806824e-02,4.277021794446288494e-01
2.377070146042199392e-03,5.078048917478272979e-03,1.090223813707007772e-01,4.599542800737161929e-01,6.325405073577092425e-04,-2.501353027593129167e-06,-2.309162797941635356e-02,-5.376354516987744137e-02,2.553327292663809620e-03,5.535645459642645622e-03,1.017658741895365593e-01,4.323569746254683488e-01,9.788900238338438253e-02,4.095140781108083661e-01
1.304070228323636962e-03,4.777554886165687534e-03,1.513915936698927989e-01,5.544324557898161476e-01,2.208257717806194078e-04,3.226267043823949788e-03,-2.158575894650083260e-02,-1.880766043393994336e-02,1.770969968440698353e-03,2.463132807169592792e-02,5.817168907415028872e-02,4.165891063764788904e-01,1.007831120190670893e-01,4.096344379911172062e-01
1.683964583231013865e-03,3.694323479039268981e-03,1.422118830560270275e-01,4.728289377875103394e-01,-1.011894095234226293e-04,4.167132415792445437e-04,2.583740218460877161e-03,1.930777183335152108e-02,1.832261381332132063e-03,3.502460475568193107e-03,1.381380005831711055e-01,4.400269899230704329e-01,9.839972761321080785e-02,4.026791847950538239e-01
1.442869470037007633e-03,4.365295445539949491e-03,6.033379193091652215e-02,7.204159199528026303e-01,2.583196694765337986e-04,-8.313810377258694807e-04,-1.036495343637826722e-01,1.890867912631762349e-01,1.430459412778496524e-03,4.687386832328360731e-03,1.764008093190213428e-02,7.930403281552224071e-01,1.186584950629894220e-01,3.861077844311377461e-01
2.637667187352965396e-03,2.416567186221844042e-03,1.027184728993550678e-01,4.659229449981233118e-01,8.860253598632166199e-04,-8.873714595381077333e-04,-3.100980586098191910e-02,-9.089197532017005698e-02,2.699031118320989464e-03,2.445551808133903347e-03,9.992621208157362322e-02,4.588441689314874949e-01,9.839972761321080785e-02,4.057657247037374515e-01
1.227408119661972316e-03,4.942204009062934819e-03,1.539594591650767230e-01,5.456159548691271732e-01,2.298340356558443206e-04,1.507897407627211241e-04,-7.092551427442086824e-03,8.183725101125614160e-03,1.230925453077431810e-03,6.365433535363274747e-03,1.512612613732138012e-01,5.089418946504820074e-01,9.771876064010898144e-02,4.058004110527517749e-01
1.470289344887319065e-03,4.933314135654031686e-03,1.446572767203340715e-01,5.417227662832972968e-01,5.334666863376133885e-04,5.861413965718269021e-04,-2.160802197441605982e-02,-3.805317072580591264e-02,1.392869578761450578e-03,4.966300817681542148e-03,1.465634875006852356e-01,5.461090232664248534e-01,9.788900238338438253e-02,4.073273409944248580e-01
2.918259557711578613e-03,1.555627500114147369e-02,1.613123797078852839e-01,4.735431023744965384e-01,9.194963844290999968e-04,5.320025833344190457e-03,3.338925769293205818e-04,-4.515863155625617076e-02,2.708008670959390941e-03,1.406919761115221768e-02,1.582039162090419226e-01,4.804408845797928373e-01,9.618658495062992753e-02,4.599788806758183801e-01
1.825587673356083391e-03,8.652158241099943900e-03,1.121806044032668259e-01,3.870090748244789380e-01,3.389358519381602698e-04,-1.630263004058154271e-03,-9.062562847482906470e-03,2.101831356745326174e-02,1.959714975931019579e-03,1.736367767001705670e-02,7.102340057147268904e-02,9.937982910743670129e-02,1.096356826693904996e-01,3.893093661305581654e-01
1.736441860407551656e-03,4.071748193897843128e-03,1.063673646172792753e-01,4.681800976708844209e-01,7.210975820587815148e-05,-5.010471187036390564e-06,3.362462013039123690e-03,1.215177774791464244e-02,2.049387772831332086e-03,4.106799544817177870e-03,8.471996414284276022e-02,4.257133059212204751e-01,1.001021450459652629e-01,3.938022284122562611e-01
1.504442937975216960e-03,5.360324379221816787e-03,1.444182118121856151e-01,5.263094549351207130e-01,-1.990843353251287116e-03,-9.569285239935568232e-03,6.938470091091965275e-02,3.316930727299272075e-01,4.347264693006983385e-03,1.732272134181745207e-02,4.315496526444530245e-02,9.057862086576853877e-02,1.138917262512768591e-01,3.876116736152471764e-01
1.258539437307307262e-03,1.147703341649557000e-02,1.601868281037628627e-01,5.865463308361009709e-01,9.459361468230252862e-05,-6.033339174579556083e-03,-9.253701179923180115e-03,-2.825979722895149981e-02,1.289880791629847371e-03,1.850790088314496762e-02,1.652940293439431052e-01,6.133437058972663891e-01,9.686755192373175394e-02,4.494695102347015525e-01
2.818717072636646361e-03,5.991970880520480422e-03,9.728545820989961679e-02,4.382654296937616989e-01,3.647891860419305793e-04,3.665794103364574817e-04,-7.206427715505493020e-03,-3.217216378927400394e-02,2.512107629165432829e-03,5.365273345792183346e-03,9.875714200944077370e-02,4.746498763911843333e-01,9.788900238338438253e-02,4.104511448651099736e-01
2.298767207476964600e-03,1.008321153663674710e-02,1.171420037175710249e-01,5.050811203800202875e-01,-3.520646850900741032e-04,-3.493579844915707840e-03,9.663533192420005469e-03,5.834012746388117510e-03,2.591014702665007767e-03,1.318431640220401463e-02,1.057327938284780416e-01,4.677346286477295778e-01,9.686755192373175394e-02,4.326404926866820877e-01
2.521160502119259520e-03,1.095387737622497554e-02,7.198358705140996128e-02,2.923270934787627895e-01,7.411169698712749771e-04,3.978560967692544928e-03,-4.952163866800360359e-02,-1.701825895779923714e-01,2.926037598981842680e-03,1.318533728132189470e-02,4.585720308202510115e-02,2.090847411440950321e-01,1.048689138576779367e-01,3.876014586519233029e-01
1.676016852742140796e-03,6.925480572117960129e-03,1.469639602849877880e-01,5.323298446394821859e-01,3.636061148651770366e-04,3.138858707991355659e-04,-1.171199555068833630e-02,-1.595909711658275235e-02,1.784587207535852458e-03,9.365477450354554520e-03,1.562279870824191119e-01,5.324386477591950273e-01,9.703779366700715503e-02,4.308048001761532464e-01
3.603122322537462719e-03,7.745703914981992566e-03,6.601665945685228354e-02,4.693449722892475418e-01,8.261705610303174581e-04,4.693516008699848575e-04,-3.225094334099615212e-02,-3.359901756021951846e-02,3.969926810158040838e-03,8.288191943732066760e-03,5.278295000588006936e-02,4.571638405891428336e-01,1.016343207354443168e-01,4.124319419237749695e-01
1.930482169357184384e-03,1.494760975859879722e-02,9.241437553856170217e-02,4.977730352826306714e-01,2.974768345931753542e-04,-6.450251569416805969e-04,-1.081802237884257889e-02,-7.273832686643909307e-03,2.697529333469669138e-03,2.971059288226737469e-02,1.253653112555326403e-02,4.166435954351562776e-01,1.259788900238338893e-01,3.984096843104675822e-01
1.127900280028477442e-03,4.921757946041330906e-03,1.588144757718456812e-01,5.497148761107003567e-01,-9.985637981994196469e-05,-1.339695294056980060e-03,8.779210754255351717e-03,-1.126550858110116245e-02,1.227756659848419380e-03,6.261453240098311182e-03,1.500352650175903191e-01,5.609803846918015591e-01,9.771876064010898144e-02,4.073820915926179009e-01
1.478497011873843112e-03,4.097737203415681602e-03,1.348879227149071824e-01,5.118703669592788996e-01,3.872727674714891667e-04,-7.851173633719226103e-04,-2.068916925158658521e-02,-3.211687079498547898e-02,1.597390534455377922e-03,3.465669929851138142e-03,1.219127968106932247e-01,4.769198712997732015e-01,9.925093632958803536e-02,3.978779840848806204e-01
1.608974092659328555e-03,5.613195245558770877e-03,1.466217400974619556e-01,5.574466899960635047e-01,-6.990839156118615859e-04,-2.318709680440888057e-03,1.870470610961338931e-02,2.535320532500667107e-02,2.698894302005776583e-03,8.963488610618047803e-03,1.168875183209116403e-01,5.178481790325826228e-01,9.669731018045624182e-02,4.329489291598023204e-01
1.021059719624381511e-03,8.828203682540582825e-03,1.253945512765962944e-01,4.711124019730976720e-01,4.717563774697650677e-04,-2.141448871143973587e-03,2.064785467072284900e-03,2.276847950685004229e-02,3.392436422078854807e-04,1.884092321324109739e-02,6.343823694917054279e-02,2.775165299985751233e-01,1.549199863806605126e-01,3.549110085695451611e-01
2.567789584738032309e-03,1.867750889627567065e-02,1.792387545121172654e-01,5.207113300486188034e-01,-1.190151416179725959e-04,1.137238483533086451e-03,1.630358552830672020e-02,2.626793751598601595e-02,2.686804726356004959e-03,1.754027041274258333e-02,1.629351689838105521e-01,4.944433925326328083e-01,9.618658495062992753e-02,4.696149843912590938e-01
1.163631154054217340e-03,4.501067917692102086e-03,1.563852355636982383e-01,5.779072036606429652e-01,1.876886479911203795e-04,-1.250241252537093260e-03,-8.880673792465975172e-03,5.319692023443456375e-02,5.502230875678100659e-04,1.081973254389831038e-02,1.911401044418883921e-01,2.657225962238239925e-01,1.184882533197140209e-01,3.916436547004442104e-01
2.175064453370157379e-03,5.245813958992834140e-03,1.153000622294193533e-01,4.645801358410623361e-01,5.130160268152921020e-05,-9.261485915236218700e-05,2.599540636788029435e-03,-6.655931723623303986e-02,2.414345441579174301e-03,5.643939126827894268e-03,1.042799306291803674e-01,4.381064899427026260e-01,9.839972761321080785e-02,4.080309407348424733e-01
1.329751012083514854e-03,4.482198085859051377e-03,1.511779978414587999e-01,5.565606983672819474e-01,6.175626824199587517e-04,3.021915938223715316e-04,-2.016595687920103713e-02,-3.911622668375847045e-02,1.496969877465091593e-03,5.005261037540823313e-03,1.208923858813605451e-01,5.341561117185797958e-01,9.891045284303712215e-02,4.039363771598580843e-01
1.936569215410829112e-03,6.051383477086986692e-03,1.268976094102526320e-01,4.718195132938700631e-01,-6.605793481372944972e-04,-3.567757386866633740e-03,2.453160003761178931e-02,1.510400929954368865e-01,2.962880594204694764e-03,1.026404011635479070e-02,8.725659726953330364e-02,2.786157161521236048e-01,9.993190330268986177e-02,4.086253982703687004e-01
1.520104921997148754e-03,5.024526266948964315e-03,1.455989738437688807e-01,5.341574008655063377e-01,7.285954851156480234e-04,5.706343992525095103e-04,-1.486920871263239415e-02,-6.826541484445250441e-02,1.467303499537303546e-03,5.709978510623368343e-03,1.395570808661102946e-01,5.351502810881488825e-01,9.856996935648620894e-02,4.107304900181488194e-01
1.229550652520173789e-03,4.436438254007304786e-03,1.554296898033286911e-01,5.595792325020755298e-01,5.552393245653527445e-05,-1.636482375138695908e-04,-1.372204625011756891e-03,1.242429332458922647e-02,1.277943453464814878e-03,4.926846202549112382e-03,1.518121274781705221e-01,5.417793804828930915e-01,9.754851889683346933e-02,4.050011418131993501e-01
1.502120068388201370e-03,1.070776477931816364e-02,1.458256601599107749e-01,5.573461647021690224e-01,1.380943821391972758e-04,-4.335340312088324611e-04,-4.405200978133900006e-03,1.508192539106886602e-02,1.364025686249004067e-03,1.114129881052699535e-02,1.502308611380446801e-01,5.422642393111001269e-01,9.737827715355806824e-02,4.264330857079499104e-01
1.570910983632483422e-03,5.016678429183158740e-03,1.432774044704882010e-01,5.194463021214413834e-01,-2.129496233696764450e-04,-7.139166242320390383e-05,6.652586921902327310e-03,1.574990839777448692e-02,1.783860607002159867e-03,5.088070091606362345e-03,1.366248175485858807e-01,5.036963937236669242e-01,9.771876064010898144e-02,4.114518501753988700e-01
1.934823649648022888e-03,1.160013763763764749e-02,1.357330470649809884e-01,6.878142648873309950e-01,8.202034525245176753e-05,6.084835056305278392e-04,2.300504296615848293e-04,3.918420419599145943e-02,2.713908014067953518e-03,2.118077309392697380e-02,1.144265108150236271e-01,8.440029583188752849e-01,9.652706843718084073e-02,4.716785751268509630e-01
2.386817552042247263e-03,5.321845430064893814e-03,1.357200688556935153e-01,5.238610228259674706e-01,1.165025794734881725e-03,-2.059755616517072041e-05,-1.271582305783618659e-02,-1.650162329957026441e-02,3.511717240849769085e-03,5.426658236669264918e-03,1.249061702109277028e-01,5.081973341342823636e-01,9.703779366700715503e-02,4.409850292905185265e-01
2.440384688740685013e-03,1.181650285539916946e-02,1.391922842013399997e-01,3.918999431455089666e-01,2.958710388707897388e-04,1.685682435548187339e-03,-2.492162652724372839e-03,-3.945715198789057770e-02,2.642265248763215734e-03,1.344249965495459588e-02,1.353489896728103659e-01,3.701084761663515077e-01,9.703779366700715503e-02,4.399695221508653775e-01
1.607972723277685187e-03,5.690730519780889951e-03,1.559238424400590239e-01,6.053907709120410763e-01,-5.384986166493809651e-04,-2.704356968736749012e-03,-2.826363274504311348e-03,-6.202174896501812251e-02,2.723924220445294794e-03,1.129893508286771049e-02,1.601070217139171914e-01,7.310784982985727432e-01,9.635682669390532862e-02,4.639790575916230564e-01
8.604123679714511218e-04,5.019726324512535295e-03,1.665800480537386330e-01,5.410186670112846485e-01,-3.784558681106691054e-04,-3.383501170172389548e-04,1.479453915909730195e-02,8.011009477319671127e-03,1.238868236082120173e-03,5.358076441529774359e-03,1.517855088946413189e-01,5.330076575339649514e-01,9.754851889683346933e-02,4.052078574691639901e-01
2.209866512613184106e-03,4.142867406520200912e-03,1.139019613158365474e-01,5.019534079515974856e-01,4.683802801519031524e-04,5.602860303536748776e-04,-2.015401011953227989e-02,-3.731961710871352367e-02,2.578870309175954403e-03,4.175219255013608299e-03,9.780869831171068451e-02,4.744060465890629352e-01,9.822948586993529574e-02,4.086828048641891198e-01
1.691678651391982733e-03,6.858595527094583574e-03,1.307149162074562887e-01,5.212956892553246568e-01,2.862712707110601738e-04,-3.643970901447083494e-04,-1.121631852113075083e-02,-8.224464254733235280e-03,3.363122726578673168e-03,1.969915728819177439e-02,3.221865878033731978e-02,3.946833518878235525e-01,1.075927817500851313e-01,4.058938643950730785e-01
1.488356877900311832e-03,4.574440410329355493e-03,1.443181408838113411e-01,5.433170596916965245e-01,4.385190309500685245e-04,-3.984807842483446979e-04,-1.698465333280758938e-02,-1.177255736609409895e-02,1.605442598068585001e-03,5.052656727240817033e-03,1.350110088082129844e-01,5.460709387282067784e-01,9.856996935648620894e-02,4.101429543907419983e-01
1.671840261892454079e-03,1.061127228360885140e-02,1.156481078012872171e-01,4.645839170581868571e-01,9.196734389059903030e-05,-1.701462745300806687e-03,1.965682735405611253e-03,1.435982913436997105e-02,2.366222968522819527e-03,2.684342266157548409e-02,3.069304195522815082e-02,2.426569311514831240e-01,1.108273748723186403e-01,3.874097739912436555e-01
2.589137243505006993e-03,6.563204691003119741e-03,1.241896633097833019e-01,5.988283199541890589e-01,9.099926708495572041e-04,1.132047251382529984e-03,-1.910418278191809704e-02,4.065880443321307630e-02,3.144119085212746488e-03,7.785859518267795876e-03,1.116937350152583108e-01,6.179437841892485572e-01,9.771876064010898144e-02,4.415499837186583898e-01
1.479353579443001051e-03,5.472865016212433674e-03,1.428278640625812723e-01,5.381164406987724025e-01,1.973561657141157549e-05,-6.623436913557542455e-04,4.879991572498002320e-04,1.826586910959752952e-02,1.808057862703419186e-03,9.319794529626886787e-03,1.234182498005461648e-01,4.643130658114391074e-01,9.805924412665989465e-02,4.169758291174817111e-01
2.618537445788068560e-03,7.094216472699332345e-03,1.068881011473899606e-01,4.900844457372883767e-01,-8.802010966572893207e-05,-8.989937074357109807e-05,5.462887051662274757e-03,1.288399336482674157e-02,2.663392095343762069e-03,6.043563539300920821e-03,9.651891735644349546e-02,4.691992123091941469e-01,9.771876064010898144e-02,4.132987130277714916e-01
1.847815793272257175e-03,9.613763794822618308e-03,1.260130192053604270e-01,5.316294697893342303e-01,2.571274796582011311e-04,-3.642435923922490888e-03,-8.420963937304867461e-03,-3.455682283921426845e-02,1.798807803858994050e-03,1.420609564283331627e-02,1.244414092024094670e-01,5.006872477596691073e-01,9.737827715355806824e-02,4.321530679568946764e-01
2.144257516969405759e-03,5.982549639954525336e-03,1.510700124005086020e-01,5.904734350501082973e-01,8.956150278286210227e-04,1.080597615567390878e-03,-8.966979038456903599e-04,4.991383615393090584e-02,4.295580092831979314e-03,1.153687185980518080e-02,1.719992624813543036e-01,7.594234436481853701e-01,9.686755192373175394e-02,5.040778225410238456e-01
2.479591717900418973e-03,5.447227607086635968e-03,9.709717012537927294e-02,4.411922440468042939e-01,4.163063201182491506e-04,-1.241595802191372425e-03,-2.151861632337620511e-02,-6.655897143269566552e-02,2.338829356187628605e-03,5.637010987482743603e-03,1.038232328362618806e-01,4.579299940672986735e-01,9.822948586993529574e-02,4.086571233810497583e-01
1.078978799110690565e-03,4.051675460677730579e-03,1.614848988287756471e-01,5.745894277000308525e-01,1.405723218923548884e-04,6.939481313786402842e-05,-5.964397147793289514e-03,-1.641286116401083697e-03,1.133368667522204661e-03,5.327827992736731619e-03,1.595573036709750092e-01,5.319694399639827154e-01,9.839972761321080785e-02,4.038042855505901141e-01
3.472772577800908953e-04,1.239699948201471516e-02,1.043787827699623749e-01,7.598912848826813171e-01,-7.166964423182024205e-05,1.046834553676371203e-03,-1.038512634159765788e-02,3.147990149983255492e-02,4.189469020119111374e-04,1.135016492833834309e-02,1.147639091115600363e-01,7.284113833828487206e-01,1.326183180115764193e-01,3.852025113874184559e-01
1.902736037057143085e-03,6.578680589676585283e-03,1.335280431632679676e-01,5.602863775497374244e-01,-5.425195911951130340e-04,-1.639241748970266931e-03,2.360922409913477141e-02,4.603610492516493902e-02,2.458627383647533568e-03,7.716225163395117048e-03,1.046890849609844326e-01,4.809118777046717530e-01,9.805924412665989465e-02,4.191992822698216714e-01
2.484035394159813184e-03,2.356560002944440430e-03,4.780862790227479592e-02,1.822804794914647808e-01,6.893917056723355887e-04,1.626864310152121218e-03,-6.918329051185341527e-03,8.703454271125268815e-02,2.682402932835668916e-03,1.027984729456143942e-03,1.026106475265755637e-02,6.248059656262072714e-03,2.531494722505958084e-01,2.939183739312792309e-01
1.967047316632564331e-03,2.685575162481262327e-03,7.169019679012281210e-02,5.840247839346148773e-01,8.990431253192869348e-05,-7.156970379878850293e-04,-1.815114987747970185e-02,1.542422659236578238e-02,2.469944352920756380e-03,1.415035326817555041e-03,1.424831623490166455e-02,6.007213470697506663e-01,1.249574395641811497e-01,3.785331384015594436e-01
2.507152055362758987e-03,5.037052082957703403e-03,1.233509766551583592e-01,4.305143117074968218e-01,2.604652157367684366e-04,-1.284398735441156451e-04,-5.659965223415905008e-03,-1.857318104826811284e-02,5.830601023806558647e-03,6.539263547953766582e-03,3.259279412081028671e-02,1.047764906109169836e-01,1.166155941436840537e-01,3.792562183047573088e-01
1.902443175986910564e-03,8.396685920038823858e-03,1.470976493241551164e-01,5.394833969272297969e-01,1.461702520390469051e-05,-4.955046874948946904e-04,-1.367535018939383066e-03,4.790718208203171083e-03,2.852841798204859905e-03,1.291326773428227992e-02,1.272995480206849939e-01,4.901506825965684655e-01,9.669731018045624182e-02,4.480610162208615299e-01
1.340106528283715147e-03,4.674615849312104172e-03,1.031243069104900434e-01,5.297419318283467238e-01,2.610641471044054590e-04,-2.957970253474434237e-04,3.875653809115440357e-02,8.110576800660252925e-03,8.682219544540057060e-04,5.070630530451375115e-03,1.574622575453941270e-02,5.140607336186222565e-01,1.252979230507320629e-01,3.602406618200050259e-01
9.713404331802889553e-04,1.733726442483529695e-02,8.255726187248854653e-02,2.798576628421710066e-01,3.680482713517036365e-04,-2.251828234214721391e-03,2.827596817526610573e-03,3.367642050475655457e-02,4.147497735975951179e-04,2.541912237731860924e-02,4.992123450813230889e-02,1.259775032318984911e-01,1.430030643513789945e-01,3.484293193717277748e-01
1.454439639347562818e-03,6.579198846529047892e-03,1.525849787639268762e-01,5.715182580644867505e-01,-2.641315623338153320e-04,-3.114044216186215904e-03,1.518981484145218250e-03,-1.644725230298543089e-02,1.883432639885228559e-03,1.171951923126392757e-02,1.488014186196755517e-01,5.915882478901141051e-01,9.669731018045624182e-02,4.389420983892032835e-01
1.293314890080073934e-03,5.774675422072612051e-03,9.856908322192571570e-02,5.256848212989582159e-01,1.529541813963489639e-04,-4.754733940858202031e-05,-9.756118898467761383e-03,-9.320467709248608443e-03,1.485678906961219927e-03,7.881609683574403169e-03,2.555894937317167159e-02,4.838523763323306914e-01,1.109976166155941524e-01,3.820332098912913588e-01
1.580166803169970671e-03,4.780965333767579414e-03,1.400090329456616101e-01,5.347369219491239223e-01,9.632772105115693442e-04,-1.085522675006152596e-04,-3.969018591468828627e-02,-5.034991196389763946e-02,1.402934475060629068e-03,5.166914458209367900e-03,1.463219438501240366e-01,5.339550195299467283e-01,9.771876064010898144e-02,4.083418570292078886e-01
1.519007629366303817e-03,4.942303865779072020e-03,1.308847738168547881e-01,5.466026658751952372e-01,-2.021835592674635156e-04,-4.750852698768970707e-04,3.492801486570019757e-03,3.034828634155104302e-02,1.721191188633767414e-03,5.417389135655968982e-03,1.273919723302847640e-01,5.162543795336441699e-01,9.822948586993529574e-02,4.099773242630385672e-01
2.017678708230377302e-03,1.605279627140636378e-02,1.231335181465608997e-01,5.964820329377872321e-01,-3.213469004561577943e-04,-4.709368673168465649e-03,1.437848914423170421e-02,-7.544635189913710682e-03,2.715606008603304450e-03,2.667542569642694650e-02,9.324628961042083497e-02,6.300223906384009309e-01,9.737827715355806824e-02,4.573215989820803573e-01
1.122148741435965904e-03,4.133585255757661961e-03,1.580360662431232743e-01,5.618993939437191276e-01,-2.464490781211992835e-03,-6.950486158014558546e-03,8.398933360499419298e-02,1.190034806317361304e-01,5.433622367393481020e-03,1.601246221779623405e-02,8.808617261753238364e-03,3.439942097613287730e-01,1.401089547156962878e-01,3.996870862919725820e-01
1.578597154249951080e-03,5.123977994311837772e-03,1.290092429420493514e-01,5.046892449615443255e-01,1.191876675980347243e-04,1.283346190712571049e-03,-6.267053360064959999e-02,-1.527126979098346882e-01,1.704494348501999152e-03,7.885786098235019609e-03,2.367694428356621750e-02,2.443901049863491659e-01,1.135512427647259459e-01,3.663814180929095277e-01
1.360009583052098053e-03,6.459050698136936317e-03,1.501220694610887751e-01,5.458124656907028527e-01,7.428974090114225624e-04,-5.835496734614962523e-05,-2.844284972213163148e-02,-9.718680420594781599e-03,1.203596143854121676e-03,9.048425423256145975e-03,1.564325259120741829e-01,5.345580433364524042e-01,9.771876064010898144e-02,4.179959559649517042e-01
1.577103445196654553e-03,1.251905749695043230e-02,1.071296425629279236e-01,4.680177340071431380e-01,5.790988063219897584e-05,-6.568531517303557478e-03,2.466465762762928143e-02,5.663008284749866672e-02,2.033242765401075628e-03,2.797729539097142809e-02,2.357295840733284603e-02,3.044833621661096057e-01,1.132107592781750327e-01,3.867902114516512113e-01
1.101414949131106387e-03,7.964381665186414175e-03,1.668938246332820896e-01,6.261768871578887730e-01,-1.822892696040772113e-04,-2.880163578838097500e-03,3.564601083294486467e-03,-2.793692936834094379e-02,1.283704218735183707e-03,1.084454524402451124e-02,1.633292235499876066e-01,6.541138165262296855e-01,9.720803541028255612e-02,4.298477829252150828e-01
1.314967484294766184e-03,5.171840151116050693e-03,1.540196248892875819e-01,5.644634418289282696e-01,9.961425402138131269e-04,2.685523723171100684e-03,-1.615866222935051152e-02,6.087454588694998087e-02,1.320635401036196564e-03,6.199411669710446979e-03,1.570273780095258753e-01,5.738635914552976391e-01,9.737827715355806824e-02,4.111186594202898559e-01
1.215691195281595229e-03,7.186261014740189315e-03,1.570897286845639451e-01,5.339862562212348562e-01,2.135455455762929808e-04,3.033659663086265331e-04,-8.021588825716899004e-03,-8.330518202294133132e-03,1.259960017289804644e-03,1.001131984781735221e-02,1.570589421235066563e-01,5.051720252198605987e-01,9.720803541028255612e-02,4.206642066420664405e-01
1.110091537930006428e-03,1.242772905086965071e-02,8.903667374202857421e-02,2.875163202578230326e-01,1.721992282945883075e-04,2.961988345621512780e-05,-8.482624604301075566e-03,-1.155244516886630435e-02,1.068624727472270580e-03,2.030676308495813626e-02,2.543083848834459815e-02,3.050156107402701711e-02,1.561116785835886533e-01,3.511099435176671668e-01
