0.0018886653478014674,0.014418169725212824,0.1218414618433428,0.8913619600685382,1.5359943055014766e-05,-0.00040668830705331506,-0.0035486505477191907,0.02830775504723285,0.001857839474278805,0.01523523408903671,0.12896902943021715,0.8344965802481582,0.4145360332719711,0.09352897709279004
0.0018949863200321316,0.014430627533683337,0.12148442754824176,0.8920805667848359,6.08666457886736e-06,1.5245755375891276e-05,-0.0003234885462616729,0.0004934707272119501,0.0018975570244846678,0.014436999452029737,0.12134693037807587,0.8922942484454786,0.4147405740778619,0.08942399490824228
0.001125875873343594,0.010066257240289476,0.09193304293668997,0.8423128853189696,-5.9216025277966146e-05,-0.00033758812923038095,-0.0023210448381215613,-0.003826704263609898,0.0007783488254062831,0.008085228502750397,0.07832212746143341,0.8198757767677307,0.4472625622144951,0.04769176553506402
0.0019711218261559624,0.014991585900585708,0.12144686755012453,0.8702949909354896,-0.00019014962824150884,-0.0013313378331284746,0.0008486075325132093,0.04914869971617793,0.0028085870821437982,0.020854707785256065,0.11770555877578309,0.6538625437295068,0.4130360673621054,0.10833764888658726
0.0018943305744185883,0.014401935292506579,0.12118354464852646,0.8948237529831172,2.8396297805335146e-06,-6.710834084253137e-06,-0.0003225005939777085,0.0016588594207718656,0.001896607910984597,0.014396424768061494,0.12092328824940167,0.8961665200357913,0.41487693461512243,0.08895966029723991
0.001687202170432014,0.01508735041605364,0.1089097582891605,0.8589580876068558,0.0005507409612209302,-0.001836853153651735,0.03526224904939125,0.08911685123334423,0.0009866947075352073,0.017423629760742188,0.06405939161777496,0.7456095218658447,0.43512648344039917,0.06087055057287216
0.0021803422248875006,0.010396706527970083,0.10526032891421704,0.9320365020270378,-1.8929958060693606e-05,0.0002609248674961496,0.0010748655113997285,-0.002627405301690024,0.0021952239330857992,0.010191552340984344,0.10441528260707855,0.9341023564338684,0.4186268448829651,0.08124124258756638
0.002681375166426467,0.013230529025074043,0.10391372023582204,0.4563754243507254,0.00020349902933896504,-0.0003040546420026119,-0.004596253737621921,-0.1117294201429356,0.0027732000947020543,0.013093170341230349,0.1018399147577022,0.405946627272465,0.42367218926842576,0.07546757081920595
0.0016647547961557464,0.0130885213196149,0.10992731647079586,0.7469434325945272,0.00032118396290181357,0.0019019833363142509,0.017044347687811823,0.20736384383239156,0.0007032068097032607,0.007394440472126007,0.05890074744820595,0.1261468231678009,0.4714665710926056,0.026375282555818558
0.00293431057981513,0.020716846912355008,0.08377545281820796,0.34226666547518925,0.0002031533951252703,0.0012244542465118646,-0.007391288648491338,-0.1067313117125489,0.003265183186158538,0.022711075842380524,0.07173747569322586,0.16844063997268677,0.4366264343261719,0.07084223628044128
0.0025405819414005435,0.0024234382655975387,0.0243404068612718,0.5165851446577315,0.0004460554218852307,-0.00815243566595733,-0.06670385588301837,-0.2566111430029948,0.0026016076580993573,0.001061520465313489,0.01521096009577666,0.4814627074949184,0.4615804186268494,0.03471458256936805
0.0018955053067647742,0.015030402477425658,0.11945809401404242,0.890312279997074,3.1268383266405087e-06,0.0002851778970330488,-0.0010925536212274011,-0.0005849550179573027,0.0019028467866105243,0.015703621548503563,0.11687939916620795,0.8889338230399948,0.4146723938092316,0.09124589816873081
0.0032025515861772947,0.017157053321725225,0.07390052960622416,0.797608539596662,-0.0006132172747507652,-0.0012797871650218019,0.022364711386466656,0.04385901928016353,0.004071851726621389,0.01897135190665722,0.04219641536474228,0.7354338765144348,0.4243539869785309,0.08813046663999557
0.0012896140518637766,0.020434018980249203,0.07767434311896909,0.7012081932798079,-0.0001831664443039002,0.0018401305347970774,-0.013494924134355185,-0.05819882838472483,0.0006742719479169618,0.026615272119138073,0.032342872564288506,0.5057072419266639,0.4626031226563032,0.05275808196130273
0.0018887959651233503,0.014415207797211697,0.12181454020184786,0.8915719664649696,-3.763489360955158e-08,-1.6540859858674527e-07,1.076499577572434e-06,2.526851123143392e-06,0.001888768697690976,0.0144150879544981,0.12181532015302127,0.8915737972325237,0.4145360332719711,0.08939554612937434
0.0026597537292475442,0.02185859276546801,0.17196855914425746,0.7886623834827353,0.0005433546303528364,0.005245648072349541,0.03414800553742789,-0.07252481050074962,0.0030252546309763846,0.025387388007231813,0.19594597785960735,0.7398745018041105,0.4010363400831799,0.16365194211728865
0.004224358025191987,0.006362596091640605,0.04357072678081809,0.6631096797415538,0.00041663603892016566,-0.0014364175607750312,-0.01395770299461551,-0.04075460640313363,0.004845772869884968,0.004219996742904186,0.02275262400507927,0.6023232340812683,0.43949002027511597,0.06473264843225479
0.0018887160265562038,0.014418080029635265,0.12180486201813952,0.8915654842832927,2.435549476024017e-07,-1.3890510584609971e-05,4.856307924058938e-05,3.86416992060855e-05,0.001888450759698606,0.014431612481218409,0.12175789479153672,0.8915292658069747,0.4146723938092316,0.08960763520678686
0.0020190365026239916,0.015458285568587882,0.08004266097907034,0.8489452673179839,-3.96073571362702e-05,-0.0003171515941600482,0.012698524740269349,0.012958996908682328,0.0020720544271171093,0.015882857143878937,0.06304163485765457,0.8315958976745605,0.42278584837913513,0.07191405445337296
0.0018771752777667547,0.014259566605132303,0.12102151713217833,0.9040129548648412,1.945666254867707e-05,0.0002609892835690017,0.0013320442340836378,-0.020874405388105473,0.0018416714793201795,0.013783342949296375,0.11859106661729288,0.9421015748583332,0.41596781891320656,0.0876557673873682
0.0018910307594097416,0.015539732356833987,0.12242945306464698,0.8663719161138553,1.0453299479665407e-06,0.0005276583586115409,0.0002886374537690615,-0.011824672244415486,0.0018929000297301796,0.016472582126655484,0.12293907266664393,0.845467691883674,0.41412695166018954,0.09518795409076551
0.0016159163335974882,0.009065730456352086,0.11583991603478987,0.42762628400050556,-0.00025196421042231366,-0.004939791756542908,-0.005517802837561233,-0.42676381280341885,0.001485666842199862,0.0065120733343064785,0.11298723518848419,0.20586492121219635,0.4396945536136627,0.041744403541088104
0.002196276085107943,0.01373698559606222,0.09615713233968497,0.5656388190517577,0.00023430818598443322,-0.0005167207925086697,-0.019550785295347164,-0.24835440441300494,0.0024913668166846037,0.013086173683404922,0.07153423130512238,0.25285103917121887,0.4350582957267761,0.05270378291606903
0.002320430238337565,0.013495853597305525,0.127021358121713,0.86915113491805,-0.0004805235521340227,0.0010240311431033422,-0.0057999729960501595,0.02495906815464657,0.0032248639035969973,0.011568304151296616,0.13793881237506866,0.8221738934516907,0.41174063086509705,0.11643625050783157
0.002192872341436725,0.013566759165534823,0.11370460477098411,0.8719530698318304,-0.0008297456681545088,0.002314909694804788,0.02212999031803273,0.05353499162965189,0.0054835475942710266,0.004386031437560538,0.0259396425403109,0.6596395145911569,0.43635371923365374,0.07445141065830721
0.0023278904235427378,0.013538967192330482,0.13540316007189943,0.8535695845255892,-0.00043322516829227907,0.0008643763827869831,-0.013405569981598477,0.03749395088750219,0.00325222685574188,0.011694644023354503,0.16400620933494328,0.773571637916952,0.4105133974227858,0.12657844226689566
0.0018971478037770521,0.014357135959164316,0.12184845135846843,0.8903353071623703,-4.966932912537791e-07,3.4273531755226944e-06,-1.941188311957684e-06,7.335825588726077e-05,0.0019062276277094909,0.014294302296393271,0.12188445489853295,0.8889929943203182,0.4147405740778619,0.08942399490824228
0.0011877392775319338,0.010428824488339511,0.07078635592267604,0.8699670037172162,-0.0003553308185861194,-0.0020205239393599446,-0.02586555395679334,-0.010952319875773924,0.0006429082714021206,0.0073307594284415245,0.03112788498401642,0.8531750440597534,0.4657394289970398,0.038881395012140274
0.0021897505908215764,0.01667424493193039,0.1279310168995137,0.7499319201660865,8.405741595817119e-05,0.0006309334841940095,0.0017080097219583632,-0.0395576466953317,0.002527927979826927,0.019212599843740463,0.1348026543855667,0.5907845497131348,0.41364967823028564,0.1064935028553009
0.0034744084159751,0.01954137024924326,0.10470491098100947,0.8391804559219004,0.0002233025665277096,0.0007219300023874218,-0.0024097115665787892,-0.007378617139355646,0.00443261256441474,0.022639179602265358,0.09436521679162979,0.8075193762779236,0.40942251682281494,0.13397321105003357
0.0018887427990587472,0.014414189574973172,0.12181670977030662,0.8915872819785362,-8.273380756060048e-09,7.37477411032387e-07,-4.033242451008056e-07,-1.1029769658574855e-05,0.0018887248766337023,0.014413202643131503,0.12181797346599067,0.8916020817006454,0.4146723938092316,0.08931791662246738
0.001914517287564397,0.014951002109293175,0.12043595085361143,0.8930248589930265,-4.287821108237958e-05,-0.000892547437098381,0.0022971798718148494,-0.0024172190659159007,0.002429497230673562,0.02567122845073403,0.09284543121560883,0.9220598964516671,0.4122860844071725,0.10590187739861011
0.0022532572464083475,0.014013290333745513,0.10825270223734682,0.8353114842026029,-9.577470354812312e-05,0.00010559522720785418,0.003563803160784657,0.014784017274718812,0.003994970116764307,0.01209309883415699,0.043443262577056885,0.5664582252502441,0.42892205715179443,0.06943672895431519
0.0016992449447312324,0.013749878526768847,0.13246216008127348,0.877245670857619,0.000343100075789057,0.0012042640907099548,-0.01927372436225312,0.025935797152040713,0.001046361168846488,0.011458293534815311,0.16913819313049316,0.8278918266296387,0.42592212557792664,0.08038444817066193
0.00329268495659912,0.013866902688699606,0.1320985499280195,0.676395947460299,0.0005985294630448613,-0.0002336885488427364,0.00438389516192794,-0.09173611053732662,0.0036200316078825916,0.013739046238471723,0.13449654180778473,0.6262229371515866,0.4120133633326515,0.11883110248288546
0.002203544127258831,0.012980098406242051,0.10917867474482033,0.8974471664194381,-0.0004857174203124065,0.0022143235826222224,0.01949916630417393,-0.009063425730548658,0.0034166029654443264,0.007449545431882143,0.060479845851659775,0.9200862646102905,0.42346763610839844,0.07966913282871246
0.002295406483384316,0.015496390865726746,0.09708840121594936,0.42598740115369815,-0.00016536117416556927,-0.00043971249880661237,0.010055400530411353,0.1893356582350434,0.0024114910047501326,0.015805067494511604,0.09002937376499176,0.29307007789611816,0.4296720623970032,0.06525868922472
0.00204826239107893,0.01681654665352779,0.07541924419779183,0.7550467322136408,0.0001425860179800494,0.0021468291174835358,-0.04147635464435285,-0.1220499966253555,0.0021552599500864744,0.018427597358822823,0.04429374262690544,0.6634554862976074,0.4283084571361542,0.06521739065647125
0.0019055473617975928,0.02026539470559649,0.15840812326664522,0.9842016443013524,1.1999563113325327e-05,0.004188392120458896,0.02619849646258161,0.06631285129193072,0.0019084017258137465,0.02126328833401203,0.16465023159980774,1.0,0.40737709403038025,0.12396693974733353
0.0040323656876928,0.01372095286479927,0.16444069500487482,0.6289686721602141,0.0016581008791353938,-0.0005369379080163216,0.03297145202358781,-0.20312874667172237,0.004134545197477303,0.013687884007280377,0.16647233997290062,0.6164512107315753,0.4075816458716848,0.14351897486446524
0.002149905865043128,0.0013461659853849558,0.018714128382919568,0.7775883879287374,5.084798154367108e-05,-0.002544596265583502,-0.02007458716995475,-0.022193926239730478,0.0021144833881407976,0.003118144581094384,0.03269423916935921,0.7930448651313782,0.43628553896502353,0.04371963913948647
0.0028844055483986286,0.013952467048834901,0.13777289241380974,0.9061100870508979,-0.00040630895745366396,0.00018875271007643015,-0.006511768631194745,-0.005931467702225551,0.004251730628311634,0.013317099772393703,0.1596880853176117,0.9260737299919128,0.40492260456085205,0.16044633090496063
0.0015678986922828763,0.014128941923995922,0.10001468972323665,0.8696960569959491,0.0003533695427699037,0.0003151677039805415,0.024007642414170385,0.024092128615635318,0.0005810224490030217,0.01324894220278092,0.03296193150562597,0.8024052682190688,0.4700347719370014,0.0469592937714566
0.0019594136715688805,0.014603107514690723,0.13901561943857077,0.9092345085636961,2.7219237386370846e-05,7.235580896600904e-05,0.0066409293906591615,0.006820596489086608,0.00203922302535765,0.014815627674175269,0.15842997234187708,0.929166144254907,0.41092247903456736,0.10900278436629886
0.0022596081378556646,0.015250212101771993,0.10889783793967603,0.8409913336236602,-0.00021712799035496997,-0.000488959255496305,0.007563265081834032,0.029616537617446582,0.003760511754080653,0.01863015443086624,0.056616537272930145,0.6362660527229309,0.4232631027698517,0.08521682769060135
0.002009083459943467,0.020483242535342536,0.13479462322440403,0.6437332734949729,-1.26260003009662e-05,-0.0006369831834818257,-0.001362607332892785,0.026016632608185278,0.0020149846095591784,0.02078091725707054,0.13543136417865753,0.6315752863883972,0.4138542413711548,0.10007327795028687
0.001894119092171069,0.014881289364088937,0.1215415341711387,0.8798901508579033,3.3694622972827727e-06,0.0002944351299650084,-0.00017264855715925988,-0.007379384641135937,0.0019099348238682881,0.01625926497015489,0.12073225532783559,0.8453562518888652,0.41439967273471057,0.09341355288157062
0.00188916158054481,0.014362354059429509,0.12197033144893578,0.892029528857404,-3.503387999932032e-09,4.769404138388561e-07,-1.4027288898925866e-06,-4.1231502262599e-06,0.0018897632140752695,0.014279769528981866,0.12221329592999396,0.8927436179718363,0.41501329515238294,0.08917197452229299
0.002735670975950813,0.014422167708991367,0.13497794265563204,0.7795073641381854,-0.0006267387763018578,-5.200214446738886e-06,-0.009741216617225202,0.08293385344499635,0.004532098643623883,0.014437108895447755,0.1628989304441624,0.5417937545264502,0.4071043839912729,0.14961861920594563
0.0007796445781168849,0.019787497028768412,0.03932352191699834,0.46116013357330055,-0.00035192387984637,0.0017045528976077045,-0.026173369055219133,-0.13656453249674913,0.0006977077285050465,0.02018406827022265,0.033232950578477735,0.4293788229207813,0.46205768050726115,0.043172447247150136
0.0019659662026011407,0.012166352533090223,0.10811090680356414,0.9050982594933129,-9.378698030256925e-05,0.0027319715284715457,0.016649402358370882,-0.016430754370079716,0.00238234200514853,3.669919533422217e-05,0.034190744161605835,0.9780499935150146,0.530510663986206,0.04665651544928551
0.001250329332581767,0.012521016592504043,0.14126882534961616,0.5245877945164726,0.0007103436853558101,0.0021073755487274674,-0.021644479597782654,0.40832497946012697,0.0007922233780846,0.011161942966282368,0.15522749722003937,0.26126107573509216,0.4489670693874359,0.05826147645711899
0.0013635407995559164,0.013421732616886789,0.12152468810789677,0.8109655827769758,3.7094587660922414e-05,7.014050061880867e-05,2.0711423818364083e-05,0.0056944138848081735,0.0006162170851083755,0.01200825236605632,0.12111207537369105,0.6962786161282899,0.4545578509579328,0.06356081001989933
0.001875536394279207,0.014433165954480062,0.12439950580628202,0.8774546169332804,-2.257735098065838e-06,3.0208001977122113e-06,0.0004390777368345807,-0.00239651187077557,0.001854947186075151,0.014461207203567028,0.12841790914535522,0.855502724647522,0.4148087543464921,0.09241831447604949
0.0018134763616402256,0.013388134775602523,0.11905600667063751,0.8801744022003908,0.00015601090690799775,0.0021278835074402857,0.005717308296591355,0.02361973115632956,0.0008944750879891217,0.000854019308462739,0.08538046479225159,0.7410494089126587,0.46103498339653015,0.032554153352975845
0.0016041635006762236,0.011506502906816627,0.09688694301844303,0.6846376709578146,0.0002250802350860692,0.0023002696609309425,0.019714884809737994,0.1636573906629424,0.0007459509070031345,0.00273579778149724,0.0217164047062397,0.060630250722169876,0.49982956051826477,0.011453981511294842
0.0018005994780637736,0.017447649424377758,0.11934992593204702,0.888676087388321,7.529961627097387e-07,-2.59555021041119e-05,2.1137521375564044e-05,2.4892754319853967e-05,0.0016919878284661907,0.021182992892750715,0.11631340167675966,0.8851073837871211,0.41412695166018954,0.09718428241227149
0.0018732041500422725,0.013586495076598239,0.12599020900998936,0.8933948940193462,-9.032931083611255e-06,-0.0004808820148027867,0.0024229369920840925,0.001056884739398308,0.0018671943018060903,0.013265870406801264,0.12760559493512058,0.8940987629319008,0.4156269175700552,0.08848239923428693
0.0029984319513272563,0.019899090187763764,0.13052057861555316,0.7208649828283318,0.0005048852803903265,0.0024951664984676596,0.003960956617607713,-0.07767110827602658,0.003971224527778606,0.024706682720345235,0.13815281909865096,0.5712104059150682,0.4071043839912729,0.14139020537124802
0.0031668348503393626,0.019270234058555807,0.06957085504794754,0.365173429070294,0.0002954252906000013,0.0011222737959207794,-0.012076204298557661,-0.12167172353895485,0.003846031380817294,0.02185036614537239,0.041806526482105255,0.08541711419820786,0.45203518867492676,0.053022269159555435
0.003201942944312623,0.016990826453306934,0.03325941070358897,0.22889426293480247,-5.083506406901906e-05,-9.968995699029789e-05,0.0034284749062417773,0.03632170608241327,0.0032909196589133954,0.017165291141240106,0.027258179641557165,0.14411423760025663,0.45251244289902504,0.041880443861114426
0.0019008199657051606,0.014453769910404429,0.12182561090547528,0.8889006348493201,-2.0369696713860545e-05,-6.539412073809731e-05,-1.710014272848002e-05,0.004516778700543363,0.0019817016412245095,0.014713420724271566,0.12189372727416982,0.8709647835821838,0.41433149246608036,0.09321228755410113
0.0019008136420173068,0.014866797614969904,0.10624386464885253,0.8476064799470979,-6.665596998962403e-06,-0.00025040238665679414,0.008633531669226546,0.024377680434507283,0.0019328585288691006,0.016069483700329224,0.06478106524931282,0.7305323853445113,0.4240812708802073,0.06776294007283964
0.0008808669289833695,0.011630000419105637,0.08937557875124902,0.41301757719966575,6.650458125304751e-05,0.00018376842688511488,0.0021404985783189763,0.03157685419806884,0.0005397725552833922,0.010687470012696439,0.07839732712422177,0.2510645833413683,0.47562555396468265,0.03874515685539308
0.0035270898689687014,0.020507818280061086,0.16553767503894434,0.6502489935700475,-0.0010359794232436253,-0.0038527014477152508,-0.027647511020755862,0.1525984468155237,0.004407677333801985,0.02378261834383011,0.189040407538414,0.5205378532409668,0.4010363519191742,0.17441970109939575
0.001886636312752096,0.014478130526266696,0.1217709744021957,0.8912194091582781,9.796620429567075e-07,-2.9194739229807242e-05,2.0710363015159948e-05,0.0001644050835536056,0.0018860535257015096,0.014494259454515847,0.12176045586514012,0.8911301175145647,0.4146723938092316,0.08989716951129015
0.001526014640937642,0.02343748608246643,0.05493456411731506,0.8020070272117609,-0.0001122015060237341,0.0027908638990479947,-0.02068794204651702,-0.027705502538779646,0.0014306779485195875,0.025808684527873993,0.03735746815800667,0.7784677743911743,0.431308388710022,0.06700223684310913
0.0021022040288088953,0.022475137289091014,0.1337362382101374,0.6312919123378289,0.0001179654621021271,0.004454821752856303,0.006588783380114937,-0.14385894040136749,0.0021098682191222906,0.02276471070945263,0.13416467607021332,0.6219404339790344,0.41296789050102234,0.10545454174280167
0.0018846416583588516,0.01515948582817968,0.12213662842396897,0.87546513380928,6.823570077673611e-07,-0.00012578050758295525,-5.384505754035568e-05,0.0027214631193456015,0.0018832821767499131,0.01540480450761404,0.12224249879937246,0.8701564890073645,0.4144678530033409,0.09198562063861282
0.0019334498929549915,0.01685661046137209,0.10645266630156475,0.9248904418797,-4.655324437327991e-06,-0.0002535656487234223,0.0015955120021776542,-0.003458052304318865,0.002012549895586863,0.021179199556315625,0.07925388954021703,0.9838766284913489,0.4172632440171814,0.08890310201471059
0.0018928459912711001,0.01449781289016575,0.12146539545247187,0.8901273278157333,5.857735309218429e-07,1.1909372472535153e-05,-5.036094176448527e-05,-0.0002082537884951954,0.0018930416913983063,0.014501923962163028,0.12144809419332757,0.8900553588039121,0.4147405740778619,0.08961713861491144
0.0012495430511181094,0.019384269307566843,0.07469073334690068,0.6855939705185058,8.180582614234291e-05,-0.00063591254880635,0.006030621737252918,0.026359746403259082,0.0007077361044869936,0.023595791969888702,0.03475092831967752,0.5110168953765072,0.45858048680711805,0.05125448028673835
0.0041986504947130725,0.01366588013796037,0.07025091362987027,0.5880390143749018,0.0012759671096503917,-0.00041388334221360894,-0.02848388644873854,-0.16767142680039035,0.0048368023708462715,0.01345883309841156,0.05600528046488762,0.5041804909706116,0.4265357553958893,0.08366924524307251
0.001888149426337368,0.014407347087615426,0.12196145094776852,0.8904744788504209,-1.5528584489405124e-07,-1.9200136905621543e-06,3.6104412996049e-05,-0.00027087412336962197,0.0018877182638798865,0.014402095933060834,0.12205965329808656,0.8897405380002056,0.4146723938092316,0.08960763520678686
0.002673078802199896,0.016715930766132727,0.09773496342056931,0.6775963820041939,0.0006278905070328723,0.0018419594660675908,-0.019277887140355613,-0.1713044187910705,0.004748968873172998,0.02280571684241295,0.033999718725681305,0.1112440675497055,0.4508761167526245,0.05302762985229492
0.003383988462645685,0.009348559187980738,0.09873907116887641,0.6564596319057343,-0.0004952766628632324,0.0016781392124221714,0.007643039850807052,0.07787159362050722,0.005649905651807785,0.0016710772179067135,0.06377235800027847,0.3001995086669922,0.4374445974826813,0.06831526756286621
0.0018044153593632698,0.01488019259548742,0.1217334822371322,0.8760070234867539,0.0004190221236639516,-0.00231014782728365,0.0004058031488027577,0.07732122034188527,0.0011205303017050028,0.018650518730282784,0.12107135355472565,0.7498127818107605,0.4228540360927582,0.08357691764831543
0.0018915268640431321,0.015165986426731505,0.12183283193604695,0.8766354344107753,4.979849931599605e-07,0.00013520824338689915,3.1139850324059487e-06,-0.0026898030278541913,0.001894358993998079,0.01593767562083919,0.12185089872115322,0.8612834117148976,0.41433149246608036,0.09311655405405406
0.0018877917697311024,0.014437038128773344,0.12178397002069503,0.8915201602248017,-2.5822692732315183e-07,5.753657653579577e-06,-8.177439726858177e-06,-1.3958030232646542e-05,0.0018876236904592327,0.014440615995039228,0.12177902505157619,0.8915118344932389,0.4146723938092316,0.08951108282956835
0.0018885830522024159,0.014414272123816957,0.12182063010599842,0.8915862611482901,-3.0996495865362546e-08,-1.3623075240044284e-07,8.866031633499134e-07,2.0813547707112706e-06,0.001888613999960133,0.014414408083084435,0.12181974497954706,0.8915841842487666,0.4146042135406014,0.08940502704422526
0.001882101944918038,0.009978739632991472,0.06578653756051304,0.7074077836041205,-1.7174292333315684e-06,-0.0011428840109062182,-0.01443403740864683,-0.047444526457832606,0.0018763510990118283,0.006152119982048392,0.01745834350190599,0.5485535128189087,0.4488307083929911,0.03853472882968601
0.002150985817789176,0.01582264469804467,0.1278653746893214,0.8213924287536026,-0.000510575420205236,-0.002740713571604437,-0.011779972948306088,0.13665202060845058,0.002979062497615814,0.020267672836780548,0.14697083830833435,0.5997629165649414,0.40983158349990845,0.12459547072649002
0.0012751017483113706,0.013514844571257187,0.13649206750586854,0.9945913342566848,-0.0011644072901015887,-0.0017081671728188456,0.027848501332072482,0.19547169096437694,0.005521457642316818,0.019744127988815308,0.03493434935808182,0.2817440927028656,0.439012736082077,0.0662732645869255
0.001893016581601994,0.014673342655574358,0.12084658175143842,0.8907352830492944,-7.755246607295307e-06,-0.00047035584658318354,0.0017645937114440912,0.0015282366844356268,0.0019103201529141103,0.01572418264597758,0.1169045322178597,0.8873222860799769,0.4146042135406014,0.09152470638027722
0.004203830518516773,0.0049449348274924875,0.06058241956293297,0.1962361178940702,0.00046510311492578517,-0.001902461735437819,-0.012301873537251602,-0.1396675103128303,0.004680958576500416,0.002993131522089243,0.047962486743927,0.052925955504179,0.46198949217796326,0.03967384621500969
0.0019504951345423167,0.013959069804747856,0.12735345868926887,0.7921133231145319,-0.0002830545283216762,0.002090616792265949,-0.0253906942119958,0.4560215621677236,0.0022945378441363573,0.011417835019528866,0.15821659564971924,0.2378137856721878,0.42810389399528503,0.07905138283967972
0.0018125221544712162,0.014966174708673313,0.12417996290147136,0.8901924467334826,-0.0004138529449126733,0.0029910001461234655,0.012834826539216939,-0.007496243190913602,0.003723509213153422,0.0011550621607405614,0.0649144939172452,0.9248068562449328,0.4334901479511829,0.07389656709763709
0.0014334289983519977,0.012288220731121655,0.1456667160260262,0.9197594072287859,-1.9980290151564432e-05,-9.332948257091407e-05,0.0010468242138162972,0.0012367338135501164,0.0013355541932954331,0.011831053894929916,0.15079345380591275,0.9258178964663486,0.41924047180745894,0.08398752554038069
0.003082211000578271,0.006635568490698791,0.05214167809657323,0.17021586801740748,0.0003814016131593114,-0.0024863514588651147,-0.022266827214141405,-0.23057814299860638,0.00320687795812427,0.005822771483694434,0.04486316555692908,0.09478017578448857,0.4524442626303947,0.035315315315315315
0.0019332361631966262,0.01610746806692195,0.11362873436806592,0.8877618967977807,2.949181673908253e-05,0.001122363254867137,-0.005429244607691427,-0.002528103880015215,0.001902995075744579,0.014956303573361855,0.11919723769025406,0.8903543877561364,0.41494511488375263,0.09032121276370189
0.0025397314512806807,0.013115545706028868,0.08072717702278323,0.781904677789085,0.0006149666566385176,-0.0012277046687216937,-0.03881622738644625,-0.10360514016922834,0.003173497738316655,0.011850424110889435,0.040724948048591614,0.6751341223716736,0.4290584325790405,0.06644370406866074
0.001794645295074936,0.014470819938154971,0.11621759127200537,0.8720774371698831,3.794519269815687e-06,-2.223609019093908e-06,0.00022525901040696945,0.0007847068440306115,0.0017725770874672793,0.014483851074901253,0.11490577806575651,0.8675082826892506,0.41699052294266037,0.08643162393162393
0.003015157572061981,0.013723838442407668,0.09933221557209505,0.7740974300394423,-0.0012137047635279626,0.0007450365492968169,0.024225775674624653,0.1265852377860166,0.00533961271867156,0.01229694951325655,0.052937645465135574,0.5316739678382874,0.42605850100517273,0.08500000089406967
0.0032572284476464824,0.017295465883916193,0.030480592566074313,0.553570099680702,0.0006407388925602252,0.001348620674239963,-0.04276510846547672,-0.15826188876134822,0.0034809967037290335,0.017766466364264488,0.01554578822106123,0.4983007609844208,0.44685348868370056,0.06132129952311516
0.002001509121401331,0.013788197251187483,0.11556291113942216,0.843792141830777,-0.0006951634604115289,0.0038654779429048475,0.038551258338718274,0.2946032134785448,0.0038846708728444966,0.003316804862784045,0.011129004611394556,0.045719361554530935,0.5049430694756938,0.02010796221322537
0.0018894903048349541,0.013952548213037338,0.12347208034115871,0.8955284039447039,-7.092684197363614e-06,0.004578439460214655,-0.01640004439446084,-0.0391414571146898,0.0019034954020753503,0.0049239713698625565,0.1558123528957367,0.9727148413658142,0.41992226243019104,0.07932042330503464
0.0018753269110509587,0.014239059439042596,0.12338392058274691,0.8958612300814179,-0.0005052543224734401,-0.006615890859663902,0.05895370908304671,0.16113639724761297,0.002666514366865158,0.02459913119673729,0.03106594830751419,0.6435311436653137,0.4312402009963989,0.06876534968614578
0.0012553233016791682,0.010005913392655472,0.11491776719812892,0.913938410644334,-0.00011492837304026782,-0.0007998681912582712,-0.001251393010899615,0.004057026903702847,0.00041840580524876714,0.0041800900362432,0.10580456256866455,0.9434893131256104,0.48667076230049133,0.04332909733057022
0.0018920782001259706,0.014441489929411216,0.1215607685176505,0.8903420293152847,-1.654703628400182e-06,-1.3188194401868552e-05,0.00012710476655245441,0.0006148093306780251,0.0018974882420262978,0.014484647530644022,0.12114467592619764,0.8883286031199171,0.41487693461512243,0.08905636344337119
0.0015719714620177523,0.012534846510116637,0.13430795549165594,0.7677071429852222,2.3949560596279325e-05,0.00014212612718953512,-0.0009443024313842715,0.009358759923944375,0.0006130263137078808,0.006843406492876542,0.17212280541791886,0.3927777838047506,0.4608986159405468,0.05078031212484994
0.0016129327800467335,0.01579849989934895,0.09606193744525143,0.9238932848161184,0.0006447678363467621,-0.0032338522965177892,0.06020021563107589,-0.0756657182146723,0.0009705798584036529,0.01902017742395401,0.0360880084335804,0.9993270039558411,0.44030818343162537,0.061077434569597244
0.001994653817445491,0.020326784703151468,0.11345789192382155,0.8245418447672108,1.2752999262395468e-05,0.0007115759749173016,-0.0010061538793036718,-0.008068614441032875,0.0020501356691156572,0.023423690659478053,0.10907945232177724,0.7894261947775402,0.41324060816799624,0.09931972789115646
0.0032594854172460913,0.010913559675192355,0.1375115258288095,0.8420222926682882,4.434507164086674e-05,-0.0001132736316100736,0.0005077597874434941,-0.0016031082021889572,0.003960952162742615,0.009121660143136978,0.14554400742053986,0.8166641592979431,0.4107179343700409,0.1319674551486969
0.0018903709170903552,0.014411564410136269,0.12176915437752349,0.8913493098633277,-2.3139078874555762e-07,4.899908032361246e-07,6.666609039653874e-06,3.221136698142551e-05,0.0018917702875031375,0.014408489444642791,0.12172883349893922,0.891153271159202,0.4147405740778619,0.08961713861491144
0.004237998969691091,0.005084071634909315,0.031343192799371304,0.0,0.0010217251312016151,-0.004058238771948951,-0.039348058569546755,-0.4632359918540195,0.0036656905435788157,0.007357179551733504,0.05338350346317443,0.08593900646764543,0.45176245994409214,0.04171135740674532
0.0019130303663760814,0.015252178225359597,0.12081012802046394,0.873795460002616,-3.6842428821729866e-05,-0.0012712648068651635,0.0015264742803030975,0.026999539100618183,0.0020079685132556022,0.018528089790544364,0.11687659062971097,0.80422055133859,0.41433149246608036,0.09636019356196086
0.0050737030860532155,0.01764779995638911,0.1415919724855306,0.6187478275522844,0.0010321958160105437,0.00106316812851005,0.006504016372603333,-0.0897259831152633,0.005072042612368693,0.017538080970247602,0.1409213841614048,0.6280041229099127,0.40560441808140724,0.1571925754060325
0.0018993440413287532,0.015420263151681332,0.12094581609669273,0.8838841789438913,5.669754430809064e-06,0.0005377700825213685,-0.0004654960996741125,-0.004114375496365376,0.0019168796623461864,0.017090572732436745,0.11950192857181459,0.8711075832527598,0.4137860503170383,0.09456613310867734
0.001858365484256258,0.014311511116631065,0.1218274226136542,0.8992352910623405,-0.00017786355189386066,-0.000605953432632168,7.116482968193798e-05,0.044818554169320075,0.002559940956067262,0.016701652152227478,0.1215472119527977,0.7224470945466981,0.41419513192881985,0.10331872260488416
0.003298824530205438,0.005329596279058758,0.05084707155033198,0.8514724226407661,9.514950286560256e-05,-0.0006131158876613355,-0.004788951524821599,-0.0027058898713352326,0.0038607743455725276,0.0017086375196135734,0.022563849452882607,0.8354912286247709,0.4411945183064021,0.06234984555542844
0.001702100421388723,0.01974855466412915,0.08451668382410424,0.6147884870599922,0.00011685668471931514,-0.003339015721092341,0.023350790653319256,0.1732804162362594,0.0014008818562058782,0.028355324832347407,0.02432681569908324,0.16813386800057845,0.45646689847958,0.03766296475132786
0.0018885425047503706,0.014435861538203865,0.12173977585096453,0.8914506931442013,-1.8974862492034952e-09,1.4940094023350359e-06,-5.606132983917503e-06,-9.417108302324264e-06,0.0018885073416491562,0.014439075560284743,0.12172808989214376,0.8914316534471466,0.4147405740778619,0.08981020040292652
0.00249738841997549,0.015912444600142756,0.09631359092946876,0.7237878289467469,0.00046219546404270757,0.00113711271202539,-0.019366442537031986,-0.12741971819990958,0.0030647118110209703,0.017308196052908897,0.07254217565059662,0.5673859119415283,0.4229903817176819,0.08250217139720917
0.002399671657226633,0.015163079973344198,0.09467697201879945,0.7087643397933915,-0.0009624782645210654,-0.0014091060266111215,0.05112548068234901,0.34439237514723753,0.003979180473834276,0.017475543543696404,0.010775737464427948,0.1435871720314026,0.4716029167175293,0.03762573003768921
0.0018778247208049606,0.01446904728418715,0.12139382266530148,0.8964458073005855,1.0637272089550746e-06,-5.189168015989434e-06,4.0568737239190074e-05,-0.0004712955634547612,0.0018754206491383711,0.014480824727048317,0.12130177786299272,0.8975129708687904,0.41494511488375263,0.08935583147617532
0.001888034750525297,0.014450031808741291,0.1216935376561024,0.8915098752886078,2.1163848176782143e-06,-0.0001003883691208642,0.00034976686575970817,0.00018321240774534975,0.0018857220933525898,0.014559540779742522,0.12131204194466151,0.8913102332676366,0.4148087543464921,0.08943348185868873
0.0011602849940024714,0.007373333507619971,0.151779012290366,0.5719943863916491,-2.207003335623355e-05,-0.00021331968994473533,0.0009077398477622997,-0.009680489111413476,0.0005241866724550433,0.0012239436994278844,0.17794421184813625,0.29288448429061237,0.48496625076702804,0.033273611466598414
0.0015975100895040987,0.013047713810484113,0.12240672312839204,0.8791822146469372,-0.0009856095885387394,-0.0046271572423425425,0.00200058504617006,-0.04175281171799314,0.004169538617134094,0.02512267604470253,0.11718766391277313,0.9877503514289856,0.4041726291179657,0.15557058155536652
0.0019421273166171588,0.018961278230621156,0.11759878994087017,0.8395920949105256,8.374600511669608e-06,0.0007136916435187149,-0.0006618877720991501,-0.008160403071275897,0.001976013025824683,0.021848546719849735,0.11492094297140273,0.8065787482010837,0.41337696870525675,0.10047046523784632
0.0015123034727727172,0.015603627734783614,0.15408031379602563,0.5709652015608564,-8.501215035891703e-05,0.0002684000771160101,0.007286035442740287,-0.07239969597364035,0.0012663138190810576,0.016380170971389028,0.17516234263403346,0.3614821191365351,0.4232631076566442,0.08213975694444445
0.001780994073366868,0.013599554486908439,0.08417746559084854,0.5958547526148641,5.6165210222126865e-05,0.000424977469551136,0.019611313990691707,0.15208977947161512,0.001590372296050191,0.012157169170677662,0.017613636329770088,0.09075044095516205,0.47289833426475525,0.02275312878191471
0.0013072966357104508,0.013696721916166702,0.10158904333360216,0.8545966181105981,-0.00021231263242562737,-0.00026225239952826565,-0.007386099560922128,-0.013503292660684684,0.000730045314412564,0.012983476743102074,0.08151146024465561,0.8178917169570923,0.4466489255428314,0.05988648161292076
0.0030067787281505966,0.009315847294494781,0.10923958990411926,0.5147021174925476,0.00019479111063361537,-0.0008885658553776654,-0.002190831433897882,-0.06566616970670147,0.003699562904430815,0.006156111102368433,0.10144683658407463,0.2811719821885461,0.4299447739824095,0.07089676630736748
0.0018883383248147556,0.014416883633722148,0.12180050866405372,0.8916421575485562,-7.972153858055648e-08,2.102738429546271e-07,-1.8446378266433197e-06,1.1358659359018762e-05,0.0018880186240488497,0.014418244490109816,0.12178930811410275,0.8916932255530268,0.4147405740778619,0.08932739231911734
0.0018589968022506547,0.01601673279284885,0.11381266279990893,0.8574654897199361,1.5841491785217888e-05,-0.0008516463787801466,0.004255205416110866,0.018136754965222015,0.0017892717150971293,0.01976701058447361,0.09507439285516739,0.7775999903678894,0.4180814027786255,0.08579691499471664
0.002082581280707894,0.011368685776027572,0.13948781300550944,0.6485841602267612,6.403861855500878e-05,-0.0010068280264701026,0.0058407518157805784,-0.08030224330642435,0.0024564949296531145,0.005491650525616806,0.17358106163921042,0.1798100994638261,0.43226290311583826,0.07054358745395692
0.0037906008813283786,0.014143162274461798,0.1661356997047218,0.8048902168693925,0.0013174369508063498,-0.00018838817748140146,0.030701834864831176,-0.060047344534963076,0.0048965565663329925,0.013985037347659596,0.1919088746542686,0.7544818527352098,0.4008317992772892,0.1862962962962963
0.0025989247698751305,0.013212724761093041,0.10807943260482175,0.6834333246817286,-0.0007722070551751686,0.0013072140234739044,0.014936397595181465,0.2263193652877948,0.004145321901887655,0.010594915598630905,0.07816831767559052,0.2302125096321106,0.4334219694137573,0.0690118744969368
0.001624014130547195,0.010393356202349434,0.07851264634861688,0.5465714039748806,8.352214873072239e-05,0.0012689624982011294,0.013664728454729144,0.10886694742782041,0.001271583023481071,0.005039960611611605,0.02087298035621643,0.08734042942523956,0.47330743074417114,0.014919663779437542
0.0020425596132756883,0.011625360566979055,0.1267812421026539,0.8475660729828406,-8.201621356548452e-05,0.0014878619572794053,-0.0026486053766617747,0.023470241606984864,0.0023354987199952827,0.006311445304541283,0.1362404757687429,0.763739947408986,0.4206040771800641,0.08050205583207098
0.0017776945192839613,0.012046244533244908,0.10753764974481958,0.8528907116069175,0.0001055631671999737,0.002251236092502125,0.013568572246290956,0.036761942878052845,0.0014816055772826076,0.005732068791985512,0.0694817379117012,0.749783992767334,0.43110382556915283,0.04694460332393646
0.0018649293687738235,0.017913894699339163,0.1214258183714622,0.8296640320925185,-6.911759618353467e-06,0.0010141065146467786,-0.0001128376741424071,-0.01794416664778355,0.0018280723975061667,0.023321714874616255,0.12082408289561067,0.7339750503828727,0.4137860503170383,0.09978012773531568
0.0016575172639875242,0.015870390394294318,0.13042383951706363,0.6184285661526115,0.0001753674312851982,-0.0011035447658863493,-0.00652813571227393,0.20712895964303435,0.0013701114803552628,0.017678963020443916,0.14112265408039093,0.27896979451179504,0.42796754837036133,0.07405363768339157
0.0018891466187203807,0.014452472730429173,0.12167568499279244,0.8910527205550567,-7.079157812464199e-07,-6.952298231406381e-05,0.00025973914851357014,0.0009690570846857777,0.0018898620784698948,0.014523763014817094,0.12140947647608398,0.8900590940494205,0.4147405740778619,0.0897136797454931
0.003927752535889217,0.006621797651419611,0.1602495387044109,0.9431196959540413,0.0004576577669383342,-0.0017492622886121998,0.008626871628639534,0.011569993581197792,0.0040000323206186295,0.00634554959833622,0.1616118997335434,0.9449467658996582,0.41064974665641785,0.1383572518825531
0.003025355382157962,0.01770392725024613,0.10958364885174304,0.86900885428106,-0.00021800514877765443,-0.0006308155185854886,0.0023460415614368945,0.004327906788365542,0.0038305812899988283,0.020033928241636464,0.10091811204422947,0.8530227918489806,0.4103088566168951,0.12477231329690346
0.001891832045108195,0.017495956689466137,0.1085475114259449,0.8867300573912756,3.2000226686760872e-06,0.003223155079717014,-0.013880520409114767,-0.0050671517395968185,0.001895609311759472,0.021301347762346268,0.09215959906578064,0.8807476162910461,0.41583144664764404,0.08880144357681274
0.003794918925420684,0.016874129160220405,0.02212210320798179,0.15613522255077084,0.0004922111476807058,0.0006349496581056688,-0.02574327829681987,-0.18991001745017821,0.0038485790137201548,0.01694335602223873,0.019315654411911964,0.13543210923671722,0.4591941237449646,0.03831231966614723
0.0016524023386864878,0.012631506009836051,0.12007149130604712,0.47913750146191836,1.2316718044516162e-06,9.27223884876851e-06,8.838370030487099e-06,0.002338964769268592,0.0014570084329655333,0.01115709737453666,0.11862996427679984,0.13842956196912815,0.44085361696325087,0.05311164992495093
0.001887430245233167,0.015691255847525506,0.1253930072593477,0.8459633839204495,5.230046018912002e-07,-0.0004954836676055773,-0.0013892052028453088,0.017708952209598172,0.0018868557404273399,0.016232888715009205,0.12691171617741318,0.8266047756817756,0.41412695166018954,0.09461595195448319
0.001888674067935725,0.014414025996628764,0.12180150472835098,0.8917162025203837,3.845001140712524e-08,4.148084094508828e-07,5.186358978165881e-06,-5.434545231357964e-05,0.0018886281408958504,0.014413603894498805,0.12179718466927525,0.8917656758787115,0.4146723938092316,0.08970416710847207
0.001647270621902406,0.0038725565305475764,0.03635426791866585,0.06559264227077155,-7.802940201429492e-05,-0.003406247008272279,-0.027611930488844624,-0.26686856075349397,0.0016934963641688228,0.005890664178878069,0.05271390080451965,0.22370746731758118,0.44371718168258667,0.029614653438329697
0.0019044713636623969,0.014491233685527313,0.12176008098360333,0.8892713228314048,-4.922742187224585e-05,-0.00023873321588467752,0.0001721542348240443,0.007221422354329337,0.001972398190795721,0.014820669039059176,0.12152350051161068,0.8793037222252363,0.4145360332719711,0.0926669484361792
0.0017176162700298407,0.013951413991279884,0.11956149982601234,0.8985397784475857,-0.001226649532741133,-0.003323334569686999,-0.016159277437438464,0.0499278229265214,0.005857013165950775,0.02516620047390461,0.1740930676460266,0.7300554513931274,0.39605918526649475,0.2138800173997879
0.0008688006393549645,0.006783922931921505,0.1082023326477583,0.868543889173035,-0.0003803228029125368,-0.0028454914826513537,-0.0050760299546382896,-0.008587450025634966,0.0003086330834776163,0.002592904958873987,0.100726418197155,0.8558965921401978,0.5138065218925476,0.03804127871990204
0.0013967381445031007,0.0157582284196891,0.029306207173124096,0.5551312198393694,2.870420876282847e-05,-7.834710348594025e-05,0.005396535923163286,0.019626487477562203,0.0013205001624773858,0.015966169914132963,0.014977561665025972,0.5030190683906146,0.4557850957932774,0.043499101258238464
0.0018373437596665714,0.02449752501638339,0.050478261806299884,0.3141093692859933,-1.8120735354344145e-05,0.003549511636780074,-0.025114178846436977,-0.20329876374746636,0.001850241795182228,0.021959062665700912,0.06843872368335724,0.459489107131958,0.4273539185523987,0.06501168757677078
0.0027970037937897494,0.022004166088492025,0.14196656318756615,0.9566244738389604,-4.040201848019246e-05,-0.0003375752253850393,-0.0008961781891654551,-0.0030314680653394724,0.003400704823434353,0.027048595249652863,0.15536093711853027,0.9998038411140442,0.40137723088264465,0.16753579676151276
0.0009829306887643226,0.0075570278426705904,0.10608088419517797,0.8235797062853382,0.00030682627699179127,0.002322981872743921,0.005329777751292911,0.023031624407341238,0.0006151087582111359,0.004772262182086706,0.09969177842140198,0.7959701418876648,0.45994409918785095,0.04162129387259483
0.0010116094795458584,0.006944545399593529,0.18075253425701154,0.02879958377958044,-4.2576203579431315e-05,-0.00036261037145570173,0.002860734819014772,-0.04187788327032555,0.0012020074063912034,0.008566118776798248,0.16795948147773743,0.21607571840286255,0.4371036887168884,0.05667275935411453
0.0021487147662176465,0.012871911620899684,0.11026802677445481,0.8795043646837969,-0.00032218700079064265,0.0019128590701233416,0.014312440356607118,0.014958935023073721,0.0039058747993051205,0.0024399229828697003,0.032210808676276674,0.7979196322364857,0.43383104929433425,0.0631768953068592
0.0015539398558350578,0.00928234282755571,0.10465171077140978,0.8659019871956647,-3.966343350586841e-05,-0.0006080049339666214,-0.002033078442913539,-0.003040867732700068,0.0010621403343975544,0.0017435597255825996,0.07944338768720627,0.8281981348991394,0.4425581097602844,0.03664427995681763
0.002049411070833571,0.01708048958124117,0.13282158946819667,0.8272197174772996,-0.0002855845403027687,-0.00473822802871954,-0.01956472183668799,0.11440014295829681,0.0026535007636994123,0.027103222906589508,0.17420698702335358,0.5852298140525818,0.4070362150669098,0.1383136808872223
0.003032628535954836,0.017180612609563276,0.1361290489737079,0.9330943250071887,-0.0015936572205282583,-0.003852998310894089,-0.019942434681217962,-0.05784792984786016,0.004606347996741533,0.020985398441553116,0.15582217276096344,0.990218997001648,0.3992636501789093,0.18477053940296173
0.0019818503127168557,0.01678461780676902,0.12851203948876924,0.8061427842936306,-3.969999001279126e-05,-0.0010112979890578634,-0.0028594285100099993,0.036464264332491496,0.002064610831439495,0.018892452120780945,0.13447119295597076,0.7301424145698547,0.41324061155319214,0.10326143354177475
0.0018880858647731323,0.014398210131051347,0.12187921367174802,0.891862659310245,1.2578552868032844e-06,3.068040727691498e-05,-0.00011638688554974576,-0.0005249287888989219,0.0018832239777525788,0.014279711067093857,0.12232879499815855,0.8938900929392934,0.41501329515238294,0.08907527338358637
0.0019093078750656554,0.013014747688438593,0.05195956515046846,0.49753658758213193,1.2908422587392235e-05,-0.0008801951892261022,-0.04390780301598956,-0.24767491593975277,0.0019225703311949326,0.012110288750548079,0.006832361343858076,0.24299904007207912,0.4794436490079771,0.028873060290002545
0.0017076760203654459,0.0133710903412531,0.1266376562893312,0.8240489764653489,0.00020190150757388488,0.0011639529627807126,-0.005376467296504854,0.07528153546304311,0.0005645012715831399,0.006780723109841347,0.15707941353321075,0.39779630303382874,0.4664212167263031,0.049204226583242416
0.00249848061580033,0.015060806459404257,0.14372414151778068,0.7834668088363285,-0.0007958337012633608,-0.0008426102306555641,-0.02860103374904461,0.14111524181559298,0.0035044720862060785,0.0161259938031435,0.17987662553787231,0.6050891280174255,0.40710437297821045,0.14206787943840027
0.0022165853468762353,0.015250481651608439,0.09738417495367499,0.8801084807445825,6.5722317572906495e-06,1.671567700553588e-05,-0.0004906212201505854,-0.0002292924501674353,0.00256092450581491,0.016127970069646835,0.0717213973402977,0.8680654764175415,0.41964954137802124,0.08423883467912674
0.0018866516298594407,0.0146471481765254,0.1220408901155283,0.8895460081306878,7.400512956071416e-05,-0.007040972020744937,-0.007888028587123196,0.07092250124486173,0.0017218828031792355,0.03,0.13960249935524316,0.7316497540006403,0.4106497579600463,0.11723856209150327
0.002862640019020402,0.008518557623351884,0.13607090749185902,0.5515885900025336,0.00011223196000279802,-0.0006795635227170445,0.0016429783409656691,-0.04931817762636836,0.0034840861335396767,0.004755707923322916,0.14516833424568176,0.3033534586429596,0.42592212557792664,0.08686693757772446
0.002118446003655129,0.0034615181678223934,0.1127636468232255,0.2566291517860384,1.2729171920278638e-05,-0.0006070459622586465,-0.0005017582602226873,-0.035207126704972336,0.0021767683348942976,0.0006797855885132299,0.11046488474139418,0.09534623168558745,0.46212586077589146,0.03569245813470236
0.002076872539518773,0.010650333593692184,0.10622122874328918,0.7675121722872229,0.00028326096170276833,-0.005669142138654322,-0.02348251709096392,-0.1868187105465953,0.002437516115605831,0.003432219848036766,0.07632309198379517,0.529651403427124,0.4317856431007385,0.051984984427690506
0.0019184593443940994,0.01530527663992891,0.12213537946777407,0.8702605344337818,-0.00011815882064190854,-0.003541932111183926,-0.0012726199016396685,0.08480131987604402,0.0020486488113984373,0.019208051393531853,0.1235379002206948,0.7768195661333828,0.4136496897797778,0.10107661753945855
0.0019584337503738853,0.01754845870219955,0.13072157350810418,0.746195104194681,6.277406757095804e-06,0.00028238917825455415,0.0008027061481472918,-0.013102138298099222,0.0019754522559524115,0.018314296658055045,0.1328987719591378,0.7106612971721289,0.41405877139155933,0.09878355704697987
0.0015292649691791944,0.005357178688630609,0.07083291281921185,0.6213820402219504,2.0079022926510403e-05,0.0005060584467783775,0.0028487471177518348,0.015096890010712266,0.0013791820965707302,0.001575583592057228,0.04954778775572777,0.508577823638916,0.44289901852607727,0.028649548068642616
0.0018910821455999675,0.014696919413257629,0.12105611164671391,0.8908109031354287,-7.734095264696159e-07,-9.448723659867498e-05,0.0002544951122046188,0.00025564286155729907,0.0019022962379762248,0.01606947399366594,0.11735958726781832,0.8870985330235046,0.4144678530033409,0.0918896055831659
0.0020315676600000288,0.014231997439987503,0.12495310738932143,0.874791095566503,0.0005076950537249575,-0.0006509812669285087,0.011156147121901978,-0.05966809205104657,0.005282504949718714,0.010063902474939823,0.1963864415884018,0.4927199184894562,0.40642258524894714,0.16943331062793732
0.0019651074905931653,0.01616604379956625,0.12122014477288857,0.851919919106021,7.713775649458598e-06,0.0001767881486185229,-6.029753918570914e-05,-0.004003474780647385,0.0020595780944303037,0.0183328111782719,0.12048352462357236,0.8028492863574043,0.4137860503170383,0.09826953329837441
0.002049755952708307,0.014351565629720408,0.12877683076455182,0.8489636882402894,-0.00022208786088522602,8.761281460615434e-05,-0.009603382859153128,0.05878145510420228,0.0027049449633612574,0.014093093332223087,0.15710814054609876,0.6755503906509804,0.4122860844071725,0.11471705864229229
0.002333405366549317,0.01606010283208199,0.1316153834727161,0.7596371497964014,0.00012096166102517169,0.0004475196165127888,0.0026660851605967047,-0.03589292149276498,0.002803646493703127,0.01779983751475811,0.14198040962219238,0.6201000809669495,0.41174063086509705,0.11353128403425217
0.0007194544985469154,0.0018246442090003555,0.06310267437715364,0.9132842717010723,-0.0015026822033430848,-0.016179943862706193,-0.07545147152682019,0.02790005090647787,0.0007660111295990646,0.0023259595036506653,0.06544061750173569,0.9124200344085693,0.4537396728992462,0.03481508418917656
0.0017864435306451894,0.014182020052910301,0.1137676353472178,0.8816226344400333,-0.00010984266368056975,-0.0002501871248085909,-0.008639100143113306,-0.010682515364966316,0.0008156113908626139,0.011970552615821362,0.03742287680506706,0.787223219871521,0.4504670202732086,0.04604095220565796
0.0018938495665596035,0.014013772451627786,0.11355820232183135,0.9007433950177922,8.719978319228531e-07,-6.982055411841918e-05,-0.001435217466724036,0.0015949421675213833,0.0018525983905419707,0.01727508008480072,0.18065565824508667,0.8262274861335754,0.40996795892715454,0.11549468338489532
0.0027881127122067586,0.019911010026289963,0.1099726833177539,0.8206670842609405,0.0003569514395280108,0.0021813447264976606,-0.004700346121160886,-0.028143031873121314,0.0036267144180736925,0.02503573129974193,0.09892988391015019,0.7545494757406852,0.4103770368855253,0.12336543335022808
0.003483584268457887,0.010210330821030029,0.11538717738752288,0.4721148656018583,0.0005385319203743015,-0.0014198750872148548,-0.002170539332972843,-0.14164222175786928,0.0041521345265209675,0.00844755582511425,0.1126929447054863,0.2962730824947357,0.4255812466144562,0.08701777458190918
0.0012493875373611575,0.009478024432164913,0.12125300530415535,0.7845727746609277,-0.00044358440821871525,-0.0034080878442643387,-0.0003911454695357892,-0.07438261556734671,0.000320867580293511,0.0022867050260422916,0.12043779802924233,0.6293725906254392,0.5121019976818708,0.03570947311683061
0.0016651729681613641,0.017210873739374768,0.09616980527173688,0.5489705867496983,0.00015066405329445593,-0.0018838273925865733,0.017280221806311762,0.23085042375085407,0.0014119282132014632,0.020377233624458313,0.06712494045495987,0.16095203161239624,0.44262629747390747,0.04963961988687515
0.0018889815370445441,0.014473302568615957,0.12175576693588015,0.8914401495867071,-4.112647560725836e-06,-0.00108891457489455,0.0011171740078749352,0.0025075246640105485,0.0018929497562767384,0.015527095617340331,0.12067491454835003,0.8890141848843099,0.4144678530033409,0.09150534221940125
0.001868131193552305,0.011699425197448494,0.09563407164724477,0.8576190871420966,1.1572176171187248e-05,0.0015247627195786946,0.014701094262135107,0.019066459982822005,0.0018109364019291273,0.00416667168551073,0.02300839794562906,0.76342861033019,0.4420126815299652,0.04325461772270283
0.002780389952517324,0.013156940128901708,0.0996399748311644,0.6622579815735634,0.0008982445955518953,-0.0012674936500303962,-0.022340073337776333,-0.2310137961532474,0.004412082703565419,0.010854410177540777,0.059058503184094086,0.24278882219958106,0.4358082770846117,0.0595522218433913
0.0019028520275663193,0.014604329014152274,0.1200225360256304,0.8883184485833637,-0.00033699736839560933,-0.004528924306420922,0.04280571304817426,0.07790769963507053,0.002708385440979076,0.025429950494206186,0.017559505471457112,0.7020933570674917,0.4409217972318811,0.0688167158755394
0.0026877959468324226,0.01286791284621322,0.12316183848191509,0.8994955829970919,-0.0010460140127782945,0.002025302411336547,-0.0017621706107766883,-0.010369036244450347,0.004415970295667648,0.009521746076643467,0.12607349455356598,0.9166275262832642,0.4101724922657013,0.1360231637954712
0.0026920367418376044,0.012109084261963471,0.10698876560609247,0.7108183592622062,-0.0014374367669108485,0.004126697459467854,0.026531718275949873,0.32346225918591165,0.0047280085273087025,0.006263937335461378,0.06940967589616776,0.2526666224002838,0.4339674115180969,0.06551103293895721
0.0022516673919299626,0.01156719218926521,0.12237288549710643,0.7457516422906675,-0.0003226925602387105,0.00253231022341832,-0.0004956377659280751,0.12966457204774529,0.0036509684287011623,0.0005857597570866346,0.12452337145805359,0.18346968293190002,0.4536033272743225,0.06803116947412491
0.001955806101053147,0.014083862150410955,0.10899292018489846,0.8134361956491857,8.62448278380051e-06,-4.2570804575877894e-05,-0.0016488933876047619,-0.010047604013111045,0.0021770870221724924,0.012990220869255999,0.06666256686448462,0.5554783863751547,0.4274902843117202,0.059475806451612906
0.0023470349696100433,0.011713540540834615,0.10834478669948776,0.6095622398201996,0.00021004548828549262,-0.001238342032385183,-0.006174200945007022,-0.12926441562572993,0.002449046354740858,0.011111819185316563,0.1053461804986,0.5467670559883118,0.4229903817176819,0.07538511604070663
0.0030277569924099757,0.011740757969667299,0.12346541748425921,0.8882072719657222,-0.0007234620974558798,0.0016986232900999404,-0.0010478563646429038,0.0021388857579144474,0.004070220560536316,0.009293042068654857,0.12497578589965494,0.8851262818847501,0.4113315606463489,0.1263786299706567
0.0012179167596436799,0.0178359590496993,0.03833433796737608,0.860366271703052,-0.00018915051501557095,0.0009645958028971118,-0.02353893197591647,-0.008799878545584155,0.001161763278025209,0.01812218399285392,0.031348486988088925,0.8577554686913879,0.43805822594941024,0.056439610761305097
0.002204298075962075,0.015761522067327054,0.11547206988214169,0.6659620810129786,0.00019907587380217265,0.0008495008624631408,-0.004002110551644431,-0.14638437973552754,0.0027824556455016136,0.018228646367788315,0.10384925454854965,0.25381651520729065,0.4268084764480591,0.07777533680200577
0.0018101103285116332,0.014149706161852101,0.12678679912149823,0.8220255456349241,7.51189230134933e-05,0.00025343401952544634,-0.004747983972072984,0.06642451789142627,0.0013854127211924288,0.012716862351278843,0.15362994497845744,0.4464939332028332,0.4251039749096611,0.07310102231504892
0.0021082394720141526,0.01611059512577962,0.1226482633675182,0.8573745234903827,0.00019234202862647884,0.0014859179662201317,0.0007299069112620248,-0.029971698292120007,0.0024103920441120863,0.018444912508130074,0.12379556149244308,0.810289740562439,0.4130360782146454,0.10722804069519043
0.0018902440153658532,0.014157107181252754,0.12549675359252244,0.8890921289581508,1.3524682777054557e-05,-0.002358708790008459,0.03366040636250344,-0.022693635089526588,0.0018641866646030905,0.018700030015144264,0.06066581789130968,0.9328014584769798,0.421626781209518,0.07441352973267867
0.0018689754072343018,0.014308777369482852,0.12263528828771098,0.8923178966508643,6.850577447630277e-05,0.0003679369172295121,-0.0028378223556199465,-0.0025756880300266834,0.0017273704214610026,0.013548235854238345,0.12850117260074706,0.8976420731382425,0.4162405399877276,0.08856717053438365
0.0013643940780198398,0.008326444751858536,0.11656586226123142,0.7341772137705664,-0.00011059708612077819,-0.0012841553119230247,-0.0011070965023186313,-0.03319613241772086,0.0007204386056400836,0.0008493586210533977,0.11011950671672821,0.5408892035484314,0.4705120325088501,0.02961389534175396
0.0018878348979721705,0.0144645738604861,0.12163389869217474,0.8914583180245467,-3.6233608210201144e-07,1.903002057811209e-05,-6.972903508720905e-05,-4.423796106603346e-05,0.0018867458273729184,0.014522215884274403,0.12142259164145203,0.8913238775376636,0.4146723938092316,0.08970416710847207
0.0028180750120679983,0.022391173586154122,0.1574690986126165,0.8214953231499448,0.00014906238896439573,0.001476077082105335,0.006288123866281979,-0.011240706315811373,0.0037598558701574802,0.02801242098212242,0.1864778697490692,0.7504760026931763,0.3988545835018158,0.18004277348518372
0.0021360437807303807,0.01752369612451039,0.11632724353965448,0.7162273992029466,8.292655379058605e-05,0.0010426000656878357,-0.001840417423326919,-0.05881169488909622,0.0027766528073698282,0.025577755644917488,0.10210995376110077,0.26190948486328125,0.42496761679649353,0.08673524856567383
0.0031994160555948196,0.009803235719621802,0.03841974254917278,0.48007503722421724,4.3097438442778066e-05,-0.00015172546464570723,-0.002753177904058166,-0.01353322831108765,0.0035139936953783035,0.008696252480149269,0.018388088792562485,0.38130685687065125,0.44780799746513367,0.04661565646529198
